# WaveFront *.obj file (generated by Autodesk ATF)

mtllib gps 21.3 pentru camera action.mtl

g Body1

v 0.522052 -92.614243 -26.500000
v -9.992732 -92.614243 -26.500000
v -9.992732 -85.874560 -26.500000
v 0.522052 -85.874560 -26.500000
v 0.522052 -92.614243 -30.899450
v 0.522052 -85.874560 -30.899450
v -9.992732 -92.614243 -30.899450
v -9.992732 -85.874560 -30.899450
v 0.530873 -92.614243 -30.899450
v 0.530873 -92.614243 -22.899450
v -10.169127 -92.614243 -22.899450
v -20.869127 -92.614243 -22.899450
v -20.869127 -92.614243 -30.899450
v -16.680916 -85.874560 -30.899450
v -23.369100 -85.874560 -30.899450
v -23.369100 -85.874560 -24.805598
v -14.569100 -85.874560 -24.805598
v -5.769100 -85.874560 -24.805598
v 3.030900 -85.874560 -24.805598
v 3.030900 -85.874560 -30.899450
v -20.869127 -103.314243 -30.899450
v -20.869127 -114.014243 -30.899450
v -10.169127 -114.014243 -30.899450
v 0.530873 -114.014243 -30.899450
v 0.530873 -103.314243 -30.899450
v 3.030900 -96.260252 -30.899450
v 3.030900 -106.645945 -30.899450
v 3.030900 -117.031637 -30.899450
v -5.769100 -117.031637 -30.899450
v -14.569100 -117.031637 -30.899450
v -23.369100 -117.031637 -30.899450
v -23.369100 -106.645945 -30.899450
v -23.369100 -96.260252 -30.899450
v 3.030900 -117.031637 -22.899450
v -5.769100 -117.031637 -22.899450
v -14.569100 -117.031637 -22.899450
v -23.369100 -117.031637 -22.899450
v -23.369100 -88.887622 -22.899450
v -23.369100 -83.368450 -17.475202
v -23.369100 -77.849277 -12.050954
v -23.369100 -77.787196 -12.114122
v -23.369100 -77.787196 -11.999450
v -23.369100 -68.849360 -11.999450
v -23.369100 -68.849360 -14.877592
v -23.369100 -68.825920 -15.877317
v -23.369100 -69.681637 -15.897381
v -23.369100 -68.881637 -15.897381
v -23.369100 -68.881637 -16.899450
v -23.369100 -77.736878 -16.899450
v -23.369100 -81.751212 -20.907121
v -23.369100 -85.765547 -24.914792
v -23.369100 -107.650299 -22.899450
v -23.369100 -98.268960 -22.899450
v 3.030900 -88.887622 -22.899450
v 3.030900 -98.268960 -22.899450
v 3.030900 -107.650299 -22.899450
v 3.030900 -85.765547 -24.914792
v 3.030900 -81.751212 -20.907121
v 3.030900 -77.736878 -16.899450
v 3.030900 -69.781637 -16.899450
v 3.030900 -69.781637 -16.900000
v 3.030900 -68.849224 -16.900000
v 3.030900 -68.849224 -11.999450
v 3.030900 -77.787196 -11.999450
v 3.030900 -77.787196 -12.114122
v 3.030900 -77.849277 -12.050954
v 3.030900 -83.368450 -17.475202
v 0.530873 -114.014243 -22.899450
v 0.530873 -103.314243 -22.899450
v -20.869127 -114.014243 -22.899450
v -10.169127 -114.014243 -22.899450
v -20.869127 -103.314243 -22.899450
v -5.769100 -88.887622 -22.899450
v -14.569100 -88.887622 -22.899450
v -14.569100 -85.765547 -24.914792
v -5.769100 -85.765547 -24.914792
v -10.000000 -83.316488 -22.469799
v -9.132956 -83.235704 -22.389148
v -8.325000 -82.998855 -22.152693
v -7.631192 -82.622083 -21.776547
v -7.098815 -82.131065 -21.286343
v -6.764148 -81.559261 -20.715489
v -6.650000 -80.945641 -20.102887
v -6.764148 -80.332020 -19.490285
v -7.098815 -79.760217 -18.919431
v -7.631192 -79.269199 -18.429227
v -8.325000 -78.892427 -18.053081
v -9.132956 -78.655578 -17.816626
v -10.000000 -78.574793 -17.735975
v -10.867044 -78.655578 -17.816626
v -11.675000 -78.892427 -18.053081
v -12.368808 -79.269199 -18.429227
v -12.901185 -79.760217 -18.919431
v -13.235852 -80.332020 -19.490285
v -13.350000 -80.945641 -20.102887
v -13.235852 -81.559261 -20.715489
v -12.901185 -82.131065 -21.286343
v -12.368808 -82.622083 -21.776547
v -11.675000 -82.998855 -22.152693
v -10.867044 -83.235704 -22.389148
v -14.569100 -77.736878 -16.899450
v -5.769100 -77.736878 -16.899450
v -16.000000 -79.827575 -18.986677
v -16.414110 -79.866159 -19.025197
v -16.800000 -79.979280 -19.138131
v -17.131371 -80.159231 -19.317783
v -17.385641 -80.393747 -19.551910
v -17.545481 -80.666847 -19.824556
v -17.600000 -80.959920 -20.117142
v -17.545481 -81.252992 -20.409728
v -17.385641 -81.526093 -20.682375
v -17.131371 -81.760609 -20.916502
v -16.800000 -81.940560 -21.096154
v -16.414110 -82.053681 -21.209088
v -16.000000 -82.092265 -21.247608
v -15.585890 -82.053681 -21.209088
v -15.200000 -81.940560 -21.096154
v -14.868629 -81.760609 -20.916502
v -14.614359 -81.526093 -20.682375
v -14.454519 -81.252992 -20.409728
v -14.400000 -80.959920 -20.117142
v -14.454519 -80.666847 -19.824556
v -14.614359 -80.393747 -19.551910
v -14.868629 -80.159231 -19.317783
v -15.200000 -79.979280 -19.138131
v -15.585890 -79.866159 -19.025197
v -4.000000 -79.933311 -19.092237
v -4.414111 -79.971894 -19.130757
v -4.800000 -80.085016 -19.243691
v -5.131371 -80.264967 -19.423343
v -5.385641 -80.499483 -19.657470
v -5.545481 -80.772583 -19.930117
v -5.600000 -81.065656 -20.222703
v -5.545481 -81.358728 -20.515289
v -5.385641 -81.631828 -20.787935
v -5.131371 -81.866345 -21.022062
v -4.800000 -82.046295 -21.201714
v -4.414111 -82.159417 -21.314648
v -4.000000 -82.198001 -21.353168
v -3.585890 -82.159417 -21.314648
v -3.200000 -82.046295 -21.201714
v -2.868629 -81.866345 -21.022062
v -2.614359 -81.631828 -20.787935
v -2.454519 -81.358728 -20.515289
v -2.400000 -81.065656 -20.222703
v -2.454519 -80.772583 -19.930117
v -2.614359 -80.499483 -19.657470
v -2.868629 -80.264967 -19.423343
v -3.200000 -80.085016 -19.243691
v -3.585890 -79.971894 -19.130757
v -5.769100 -78.302737 -17.464370
v -5.769100 -79.834492 -18.993583
v -14.569100 -79.796472 -18.955626
v -14.400000 -81.666439 -19.409448
v -14.454519 -81.373367 -19.116862
v -14.614359 -81.100267 -18.844216
v -14.868629 -80.865750 -18.610089
v -15.200000 -80.685800 -18.430437
v -15.585890 -80.572678 -18.317503
v -16.000000 -80.534094 -18.278983
v -16.414110 -80.572678 -18.317503
v -16.800000 -80.685800 -18.430437
v -17.131371 -80.865750 -18.610089
v -17.385641 -81.100267 -18.844216
v -17.545481 -81.373367 -19.116862
v -17.600000 -81.666439 -19.409448
v -17.545481 -81.959512 -19.702034
v -17.385641 -82.232612 -19.974681
v -17.131371 -82.467128 -20.208808
v -16.800000 -82.647079 -20.388460
v -16.414110 -82.760201 -20.501394
v -16.000000 -82.798784 -20.539914
v -15.585890 -82.760201 -20.501394
v -15.200000 -82.647079 -20.388460
v -14.868629 -82.467128 -20.208808
v -14.614359 -82.232612 -19.974681
v -14.454519 -81.959512 -19.702034
v -2.400000 -81.772175 -19.515009
v -2.454519 -81.479102 -19.222423
v -2.614359 -81.206002 -18.949776
v -2.868629 -80.971486 -18.715649
v -3.200000 -80.791535 -18.535997
v -3.585890 -80.678414 -18.423063
v -4.000000 -80.639830 -18.384543
v -4.414111 -80.678414 -18.423063
v -4.800000 -80.791535 -18.535997
v -5.131371 -80.971486 -18.715649
v -5.385641 -81.206002 -18.949776
v -5.545481 -81.479102 -19.222423
v -5.600000 -81.772175 -19.515009
v -5.545481 -82.065247 -19.807595
v -5.385641 -82.338347 -20.080241
v -5.131371 -82.572864 -20.314368
v -4.800000 -82.752815 -20.494020
v -4.414111 -82.865936 -20.606954
v -4.000000 -82.904520 -20.645474
v -3.585890 -82.865936 -20.606954
v -3.200000 -82.752815 -20.494020
v -2.868629 -82.572864 -20.314368
v -2.614359 -82.338347 -20.080241
v -2.454519 -82.065247 -19.807595
v 0.650000 -69.781637 -16.899450
v 0.650000 -69.781637 -16.900000
v 0.650000 -68.849224 -16.900000
v -15.362733 -68.881637 -16.899450
v -7.356367 -68.881637 -16.899450
v 0.650000 -68.881637 -16.899450
v -18.400000 -74.531637 -16.899450
v -18.454519 -74.117527 -16.899450
v -18.614359 -73.731637 -16.899450
v -18.868629 -73.400266 -16.899450
v -19.200000 -73.145996 -16.899450
v -19.585890 -72.986156 -16.899450
v -20.000000 -72.931637 -16.899450
v -20.414110 -72.986156 -16.899450
v -20.800000 -73.145996 -16.899450
v -21.131371 -73.400266 -16.899450
v -21.385641 -73.731637 -16.899450
v -21.545481 -74.117527 -16.899450
v -21.600000 -74.531637 -16.899450
v -21.545481 -74.945747 -16.899450
v -21.385641 -75.331637 -16.899450
v -21.131371 -75.663008 -16.899450
v -20.800000 -75.917278 -16.899450
v -20.414110 -76.077118 -16.899450
v -20.000000 -76.131637 -16.899450
v -19.585890 -76.077118 -16.899450
v -19.200000 -75.917278 -16.899450
v -18.868629 -75.663008 -16.899450
v -18.614359 -75.331637 -16.899450
v -18.454519 -74.945747 -16.899450
v 1.600000 -74.531637 -16.899450
v 1.545481 -74.117527 -16.899450
v 1.385641 -73.731637 -16.899450
v 1.131371 -73.400266 -16.899450
v 0.800000 -73.145996 -16.899450
v 0.414110 -72.986156 -16.899450
v -0.000000 -72.931637 -16.899450
v -0.414110 -72.986156 -16.899450
v -0.800000 -73.145996 -16.899450
v -1.131371 -73.400266 -16.899450
v -1.385641 -73.731637 -16.899450
v -1.545481 -74.117527 -16.899450
v -1.600000 -74.531637 -16.899450
v -1.545481 -74.945747 -16.899450
v -1.385641 -75.331637 -16.899450
v -1.131371 -75.663008 -16.899450
v -0.800000 -75.917278 -16.899450
v -0.414110 -76.077118 -16.899450
v -0.000000 -76.131637 -16.899450
v 0.414110 -76.077118 -16.899450
v 0.800000 -75.917278 -16.899450
v 1.131371 -75.663008 -16.899450
v 1.385641 -75.331637 -16.899450
v 1.545481 -74.945747 -16.899450
v -5.769100 -70.985237 -16.899450
v -14.569100 -72.188838 -16.899450
v -14.569100 -72.931637 -16.899450
v -5.769100 -72.931637 -16.899450
v -20.750000 -69.681637 -15.897381
v -20.750000 -68.881637 -15.878623
v -20.750000 -68.881637 -15.897381
v -20.750000 -68.881637 -11.999450
v -10.050000 -68.881637 -11.999450
v 0.650000 -68.881637 -11.999450
v 0.650000 -68.849224 -11.999450
v -20.750000 -68.849360 -11.999450
v -20.750000 -68.849360 -14.877592
v -20.750000 -68.825920 -15.877317
v -14.569100 -77.787196 -12.114122
v -5.769100 -77.787196 -12.114122
v -5.769100 -77.787196 -11.999450
v -14.569100 -77.787196 -11.999450
v -18.400000 -74.531637 -11.999450
v -18.454519 -74.945747 -11.999450
v -18.614359 -75.331637 -11.999450
v -18.868629 -75.663008 -11.999450
v -19.200000 -75.917278 -11.999450
v -19.585890 -76.077118 -11.999450
v -20.000000 -76.131637 -11.999450
v -20.414110 -76.077118 -11.999450
v -20.800000 -75.917278 -11.999450
v -21.131371 -75.663008 -11.999450
v -21.385641 -75.331637 -11.999450
v -21.545481 -74.945747 -11.999450
v -21.600000 -74.531637 -11.999450
v -21.545481 -74.117527 -11.999450
v -21.385641 -73.731637 -11.999450
v -21.131371 -73.400266 -11.999450
v -20.800000 -73.145996 -11.999450
v -20.414110 -72.986156 -11.999450
v -20.000000 -72.931637 -11.999450
v -19.585890 -72.986156 -11.999450
v -19.200000 -73.145996 -11.999450
v -18.868629 -73.400266 -11.999450
v -18.614359 -73.731637 -11.999450
v -18.454519 -74.117527 -11.999450
v 1.600000 -74.531637 -11.999450
v 1.545481 -74.945747 -11.999450
v 1.385641 -75.331637 -11.999450
v 1.131371 -75.663008 -11.999450
v 0.800000 -75.917278 -11.999450
v 0.414110 -76.077118 -11.999450
v -0.000000 -76.131637 -11.999450
v -0.414110 -76.077118 -11.999450
v -0.800000 -75.917278 -11.999450
v -1.131371 -75.663008 -11.999450
v -1.385641 -75.331637 -11.999450
v -1.545481 -74.945747 -11.999450
v -1.600000 -74.531637 -11.999450
v -1.545481 -74.117527 -11.999450
v -1.385641 -73.731637 -11.999450
v -1.131371 -73.400266 -11.999450
v -0.800000 -73.145996 -11.999450
v -0.414110 -72.986156 -11.999450
v -0.000000 -72.931637 -11.999450
v 0.414110 -72.986156 -11.999450
v 0.800000 -73.145996 -11.999450
v 1.131371 -73.400266 -11.999450
v 1.385641 -73.731637 -11.999450
v 1.545481 -74.117527 -11.999450
v -14.569100 -70.088030 -11.999450
v -14.569100 -72.931637 -11.999450
v -5.769100 -72.931637 -11.999450
v -5.769100 -71.805620 -11.999450
v -14.569100 -77.849277 -12.050954
v -5.769100 -77.849277 -12.050954
v -5.600000 -83.576217 -17.679396
v -5.545481 -83.871566 -17.969666
v -5.385641 -84.146788 -18.240154
v -5.131371 -84.383126 -18.472427
v -4.800000 -84.564474 -18.650657
v -4.414111 -84.678475 -18.762696
v -4.000000 -84.717358 -18.800911
v -3.585890 -84.678475 -18.762696
v -3.200000 -84.564474 -18.650657
v -2.868629 -84.383126 -18.472427
v -2.614359 -84.146788 -18.240154
v -2.454519 -83.871566 -17.969666
v -2.400000 -83.576217 -17.679396
v -2.454519 -83.280868 -17.389127
v -2.614359 -83.005646 -17.118639
v -2.868629 -82.769308 -16.886365
v -3.200000 -82.587959 -16.708136
v -3.585890 -82.473959 -16.596096
v -4.000000 -82.435075 -16.557881
v -4.414111 -82.473959 -16.596096
v -4.800000 -82.587959 -16.708136
v -5.131371 -82.769308 -16.886365
v -5.385641 -83.005646 -17.118639
v -5.545481 -83.280868 -17.389127
v -17.600000 -83.469660 -17.574672
v -17.545481 -83.765009 -17.864941
v -17.385641 -84.040230 -18.135429
v -17.131371 -84.276569 -18.367702
v -16.800000 -84.457917 -18.545932
v -16.414110 -84.571918 -18.657972
v -16.000000 -84.610801 -18.696187
v -15.585890 -84.571918 -18.657972
v -15.200000 -84.457917 -18.545932
v -14.868629 -84.276569 -18.367702
v -14.614359 -84.040230 -18.135429
v -14.454519 -83.765009 -17.864941
v -14.400000 -83.469660 -17.574672
v -14.454519 -83.174310 -17.284402
v -14.614359 -82.899089 -17.013914
v -14.868629 -82.662751 -16.781641
v -15.200000 -82.481402 -16.603411
v -15.585890 -82.367401 -16.491371
v -16.000000 -82.328518 -16.453157
v -16.414110 -82.367401 -16.491371
v -16.800000 -82.481402 -16.603411
v -17.131371 -82.662751 -16.781641
v -17.385641 -82.899089 -17.013914
v -17.545481 -83.174310 -17.284402
v -13.350000 -82.358679 -18.687499
v -13.235852 -82.972300 -19.300101
v -12.901185 -83.544103 -19.870955
v -12.368808 -84.035122 -20.361159
v -11.675000 -84.411893 -20.737305
v -10.867044 -84.648742 -20.973761
v -10.000000 -84.729527 -21.054411
v -9.132956 -84.648742 -20.973761
v -8.325000 -84.411893 -20.737305
v -7.631192 -84.035122 -20.361159
v -7.098815 -83.544103 -19.870955
v -6.764148 -82.972300 -19.300101
v -6.650000 -82.358679 -18.687499
v -6.764148 -81.745059 -18.074897
v -7.098815 -81.173256 -17.504043
v -7.631192 -80.682237 -17.013840
v -8.325000 -80.305465 -16.637693
v -9.132956 -80.068616 -16.401238
v -10.000000 -79.987832 -16.320587
v -10.867044 -80.068616 -16.401238
v -11.675000 -80.305465 -16.637693
v -12.368808 -80.682237 -17.013840
v -12.901185 -81.173256 -17.504043
v -13.235852 -81.745059 -18.074897
v -6.650000 -83.460863 -17.566027
v -6.764148 -82.842476 -16.958275
v -7.098815 -82.266231 -16.391941
v -7.631192 -81.771398 -15.905618
v -8.325000 -81.391699 -15.532450
v -9.132956 -81.153011 -15.297867
v -10.000000 -81.071598 -15.217855
v -10.867044 -81.153011 -15.297867
v -11.675000 -81.391699 -15.532450
v -12.368808 -81.771398 -15.905618
v -12.901185 -82.266231 -16.391941
v -13.235852 -82.842476 -16.958275
v -13.350000 -83.460863 -17.566027
v -13.235852 -84.079251 -18.173778
v -12.901185 -84.655496 -18.740113
v -12.368808 -85.150329 -19.226435
v -11.675000 -85.530028 -19.599603
v -10.867044 -85.768716 -19.834187
v -10.000000 -85.850129 -19.914199
v -9.132956 -85.768716 -19.834187
v -8.325000 -85.530028 -19.599603
v -7.631192 -85.150329 -19.226435
v -7.098815 -84.655496 -18.740113
v -6.764148 -84.079251 -18.173778
v -5.769100 -83.368450 -17.475202
v -5.769100 -82.338683 -16.463146
v -5.769100 -80.025368 -14.189619
v -14.569100 -82.299757 -16.424890
vt -0.000000 6.739683 0.000000
vt -10.514784 6.739683 0.000000
vt -0.000000 0.000000 0.000000
vt -10.514784 0.000000 0.000000
vt -0.000000 6.739683 0.000000
vt -4.399450 6.739683 0.000000
vt -0.000000 0.000000 0.000000
vt -4.399450 0.000000 0.000000
vt -0.000000 6.739683 0.000000
vt -4.399450 6.739683 0.000000
vt 0.000000 0.000000 0.000000
vt -4.399450 0.000000 0.000000
vt -10.523605 3.000000 0.000000
vt -10.523605 7.399450 0.000000
vt -21.400000 3.000000 0.000000
vt -21.400000 11.000000 0.000000
vt -10.700000 11.000000 0.000000
vt -0.000000 11.000000 0.000000
vt -0.008821 7.399450 0.000000
vt -0.000000 3.000000 0.000000
vt -0.008821 3.000000 0.000000
vt 23.322052 7.500000 0.000000
vt 23.322052 3.100550 0.000000
vt 25.830900 7.500000 0.000000
vt 25.830900 1.406147 0.000000
vt 17.030900 1.406147 0.000000
vt 12.807268 3.100550 0.000000
vt 8.230900 1.406147 0.000000
vt 6.119084 7.500000 0.000000
vt -0.569100 1.406147 0.000000
vt -0.569100 7.500000 0.000000
vt 12.807268 7.500000 0.000000
vt 12.492732 -0.004621 0.000000
vt 12.492732 -6.744304 0.000000
vt 19.180916 -0.004621 0.000000
vt 23.369127 -6.744304 0.000000
vt 25.869100 -0.004621 0.000000
vt 25.869100 -10.390314 0.000000
vt 23.369127 -17.444304 0.000000
vt 25.869100 -20.776006 0.000000
vt 23.369127 -28.144304 0.000000
vt 25.869100 -31.161698 0.000000
vt 17.069100 -31.161698 0.000000
vt 12.669127 -28.144304 0.000000
vt 8.269100 -31.161698 0.000000
vt 1.969127 -28.144304 0.000000
vt -0.530900 -31.161698 0.000000
vt -0.530900 -20.776006 0.000000
vt 1.969127 -17.444304 0.000000
vt -0.530900 -10.390314 0.000000
vt 1.969127 -6.744304 0.000000
vt -0.530900 -0.004621 0.000000
vt 1.977948 -0.004621 0.000000
vt 1.977948 -6.744304 0.000000
vt 8.000000 0.530900 0.000000
vt 0.000000 0.530900 0.000000
vt 8.000000 -8.269100 0.000000
vt 0.000000 -8.269100 0.000000
vt 8.000000 -17.069100 0.000000
vt 0.000000 -17.069100 0.000000
vt 8.000000 -25.869100 0.000000
vt 0.000000 -25.869100 0.000000
vt -17.575752 -10.836813 0.000000
vt -21.007671 -9.219575 0.000000
vt -23.000000 -16.355985 0.000000
vt -24.906147 -13.342923 0.000000
vt -31.000000 -13.342923 0.000000
vt -17.000000 -5.205241 0.000000
vt -12.151504 -5.317640 0.000000
vt -12.214672 -5.255559 0.000000
vt -12.100000 -5.255559 0.000000
vt -12.100000 3.682277 0.000000
vt -15.997930 2.850000 0.000000
vt -17.000000 3.650000 0.000000
vt -15.997930 3.650000 0.000000
vt -14.978141 3.682277 0.000000
vt -15.977867 3.705717 0.000000
vt -25.015342 -13.233910 0.000000
vt -31.000000 -23.728615 0.000000
vt -23.000000 -25.737323 0.000000
vt -31.000000 -34.114308 0.000000
vt -23.000000 -35.118662 0.000000
vt -31.000000 -44.500000 0.000000
vt -23.000000 -44.500000 0.000000
vt 23.000000 -50.737323 0.000000
vt 31.000000 -48.728615 0.000000
vt 23.000000 -41.355985 0.000000
vt 31.000000 -38.342923 0.000000
vt 24.906147 -38.342923 0.000000
vt 31.000000 -59.114308 0.000000
vt 23.000000 -60.118662 0.000000
vt 31.000000 -69.500000 0.000000
vt 23.000000 -69.500000 0.000000
vt 25.015342 -38.233910 0.000000
vt 21.007671 -34.219575 0.000000
vt 17.575752 -35.836813 0.000000
vt 17.000000 -30.205241 0.000000
vt 12.151504 -30.317640 0.000000
vt 12.214672 -30.255559 0.000000
vt 17.000000 -22.250000 0.000000
vt 12.100000 -21.317587 0.000000
vt 17.000550 -21.317587 0.000000
vt 17.000550 -22.250000 0.000000
vt 12.100000 -30.255559 0.000000
vt -0.000000 11.000000 0.000000
vt -10.700000 11.000000 0.000000
vt -0.000000 3.000000 0.000000
vt -10.700000 3.000000 0.000000
vt -21.400000 11.000000 0.000000
vt -21.400000 3.000000 0.000000
vt 0.000000 11.000000 0.000000
vt -10.700000 11.000000 0.000000
vt 0.000000 3.000000 0.000000
vt -10.700000 3.000000 0.000000
vt -21.400000 11.000000 0.000000
vt -21.400000 3.000000 0.000000
vt -0.000000 11.000000 0.000000
vt -10.700000 11.000000 0.000000
vt -0.000000 3.000000 0.000000
vt -10.700000 3.000000 0.000000
vt -21.400000 11.000000 0.000000
vt -21.400000 3.000000 0.000000
vt 12.969127 25.982606 0.000000
vt 8.569100 29.000000 0.000000
vt 2.269127 25.982606 0.000000
vt -0.230900 29.000000 0.000000
vt -0.230900 19.618662 0.000000
vt 17.369100 29.000000 0.000000
vt 23.669127 25.982606 0.000000
vt 26.169100 29.000000 0.000000
vt 26.169100 19.618662 0.000000
vt 23.669127 15.282606 0.000000
vt 26.169100 10.237323 0.000000
vt 23.669127 4.582606 0.000000
vt 26.169100 0.855985 0.000000
vt 17.369100 0.855985 0.000000
vt 12.969127 4.582606 0.000000
vt 8.569100 0.855985 0.000000
vt 2.269127 4.582606 0.000000
vt -0.230900 0.855985 0.000000
vt -0.230900 10.237323 0.000000
vt 2.269127 15.282606 0.000000
vt -0.530900 1.845704 0.000000
vt 8.269100 1.845704 0.000000
vt -0.530900 2.000000 0.000000
vt 8.269100 2.000000 0.000000
vt 17.069100 1.845704 0.000000
vt 17.069100 2.000000 0.000000
vt 25.869100 1.845704 0.000000
vt 25.869100 2.000000 0.000000
vt -11.632956 9.098348 0.000000
vt -8.269100 12.673118 0.000000
vt -12.500000 9.212500 0.000000
vt -17.069100 12.673118 0.000000
vt -13.367044 9.098348 0.000000
vt -14.175000 8.763671 0.000000
vt -14.868808 8.231278 0.000000
vt -15.401185 7.537449 0.000000
vt -17.114359 6.682598 0.000000
vt -15.735852 6.729467 0.000000
vt -16.954519 6.296697 0.000000
vt -15.850000 5.862397 0.000000
vt -16.900000 5.882574 0.000000
vt -16.954519 5.468451 0.000000
vt -10.825000 8.763671 0.000000
vt -10.131192 8.231278 0.000000
vt -9.598815 7.537449 0.000000
vt -9.264148 6.729467 0.000000
vt -8.269100 4.292299 0.000000
vt -8.100000 6.031983 0.000000
vt -8.045481 5.617860 0.000000
vt -7.885641 5.231958 0.000000
vt -7.631371 4.900577 0.000000
vt -7.300000 4.646299 0.000000
vt -8.269100 2.127868 0.000000
vt -6.914111 4.486454 0.000000
vt -6.500000 4.431934 0.000000
vt -8.269100 1.328285 0.000000
vt -6.085890 4.486454 0.000000
vt -5.700000 4.646299 0.000000
vt 0.530900 1.328285 0.000000
vt -5.368629 4.900577 0.000000
vt -5.114359 5.231958 0.000000
vt -4.954519 5.617860 0.000000
vt 0.530900 7.000702 0.000000
vt -4.900000 6.031983 0.000000
vt -4.954519 6.446106 0.000000
vt -5.114359 6.832007 0.000000
vt 0.530900 12.673118 0.000000
vt -5.368629 7.163388 0.000000
vt -5.700000 7.417666 0.000000
vt -6.085890 7.577512 0.000000
vt -6.500000 7.632032 0.000000
vt -6.914111 7.577512 0.000000
vt -7.300000 7.417666 0.000000
vt -7.631371 7.163388 0.000000
vt -7.885641 6.832007 0.000000
vt -8.045481 6.446106 0.000000
vt -9.150000 5.862397 0.000000
vt -9.264148 4.995327 0.000000
vt -9.598815 4.187345 0.000000
vt -10.131192 3.493516 0.000000
vt -10.825000 2.961123 0.000000
vt -11.632956 2.626446 0.000000
vt -12.500000 2.512294 0.000000
vt -17.069100 1.328285 0.000000
vt -13.367044 2.626446 0.000000
vt -14.175000 2.961123 0.000000
vt -14.868808 3.493516 0.000000
vt -15.401185 4.187345 0.000000
vt -17.069100 4.238575 0.000000
vt -15.735852 4.995327 0.000000
vt -17.114359 5.082549 0.000000
vt -19.300000 4.496891 0.000000
vt -25.869100 1.328285 0.000000
vt -19.631371 4.751168 0.000000
vt -19.885641 5.082549 0.000000
vt -25.869100 12.673118 0.000000
vt -19.300000 7.268257 0.000000
vt -18.914110 7.428103 0.000000
vt -18.500000 7.482623 0.000000
vt -25.869100 7.000702 0.000000
vt -19.885641 6.682598 0.000000
vt -19.631371 7.013979 0.000000
vt -20.045481 5.468451 0.000000
vt -20.100000 5.882574 0.000000
vt -20.045481 6.296697 0.000000
vt -18.085890 4.337045 0.000000
vt -18.500000 4.282525 0.000000
vt -18.914110 4.337045 0.000000
vt -18.085890 7.428103 0.000000
vt -17.700000 7.268257 0.000000
vt -17.368629 7.013979 0.000000
vt -17.368629 4.751168 0.000000
vt -17.700000 4.496891 0.000000
vt 1.000000 -4.607669 0.000000
vt 0.000000 -4.607669 0.000000
vt 1.000000 -5.026548 0.000000
vt -0.000000 -5.026548 0.000000
vt 1.000000 5.026548 0.000000
vt -0.000000 5.026548 0.000000
vt 1.000000 4.607669 0.000000
vt 0.000000 4.607669 0.000000
vt 1.000000 4.188790 0.000000
vt 0.000000 4.188790 0.000000
vt 1.000000 3.769911 0.000000
vt 0.000000 3.769911 0.000000
vt 1.000000 3.351032 0.000000
vt -0.000000 3.351032 0.000000
vt 1.000000 2.932153 0.000000
vt -0.000000 2.932153 0.000000
vt 1.000000 2.513274 0.000000
vt -0.000000 2.513274 0.000000
vt 1.000000 2.094395 0.000000
vt 0.000000 2.094395 0.000000
vt 1.000000 1.675516 0.000000
vt 0.000000 1.675516 0.000000
vt 1.000000 1.256637 0.000000
vt -0.000000 1.256637 0.000000
vt 1.000000 0.837758 0.000000
vt -0.000000 0.837758 0.000000
vt 1.000000 0.418879 0.000000
vt -0.000000 0.418879 0.000000
vt 1.000000 0.000000 0.000000
vt 0.000000 0.000000 0.000000
vt 1.000000 -0.418879 0.000000
vt -0.000000 -0.418879 0.000000
vt 1.000000 -0.837758 0.000000
vt -0.000000 -0.837758 0.000000
vt 1.000000 -1.256637 0.000000
vt -0.000000 -1.256637 0.000000
vt 1.000000 -1.675516 0.000000
vt 0.000000 -1.675516 0.000000
vt 1.000000 -2.094395 0.000000
vt 0.000000 -2.094395 0.000000
vt 1.000000 -2.513274 0.000000
vt -0.000000 -2.513274 0.000000
vt 1.000000 -2.932153 0.000000
vt -0.000000 -2.932153 0.000000
vt 1.000000 -3.351032 0.000000
vt -0.000000 -3.351032 0.000000
vt 1.000000 -3.769911 0.000000
vt 0.000000 -3.769911 0.000000
vt 1.000000 -4.188790 0.000000
vt 0.000000 -4.188790 0.000000
vt 1.000000 -4.607669 0.000000
vt 0.000000 -4.607669 0.000000
vt 1.000000 -5.026548 0.000000
vt -0.000000 -5.026548 0.000000
vt 1.000000 5.026548 0.000000
vt -0.000000 5.026548 0.000000
vt 1.000000 4.607669 0.000000
vt 0.000000 4.607669 0.000000
vt 1.000000 4.188790 0.000000
vt 0.000000 4.188790 0.000000
vt 1.000000 3.769911 0.000000
vt 0.000000 3.769911 0.000000
vt 1.000000 3.351032 0.000000
vt -0.000000 3.351032 0.000000
vt 1.000000 2.932153 0.000000
vt -0.000000 2.932153 0.000000
vt 1.000000 2.513274 0.000000
vt 0.000000 2.513274 0.000000
vt 1.000000 2.094395 0.000000
vt 0.000000 2.094395 0.000000
vt 1.000000 1.675516 0.000000
vt 0.000000 1.675516 0.000000
vt 1.000000 1.256637 0.000000
vt -0.000000 1.256637 0.000000
vt 1.000000 0.837758 0.000000
vt -0.000000 0.837758 0.000000
vt 1.000000 0.418879 0.000000
vt -0.000000 0.418879 0.000000
vt 1.000000 0.000000 0.000000
vt 0.000000 0.000000 0.000000
vt 1.000000 -0.418879 0.000000
vt -0.000000 -0.418879 0.000000
vt 1.000000 -0.837758 0.000000
vt -0.000000 -0.837758 0.000000
vt 1.000000 -1.256637 0.000000
vt -0.000000 -1.256637 0.000000
vt 1.000000 -1.675516 0.000000
vt 0.000000 -1.675516 0.000000
vt 1.000000 -2.094395 0.000000
vt 0.000000 -2.094395 0.000000
vt 1.000000 -2.513274 0.000000
vt 0.000000 -2.513274 0.000000
vt 1.000000 -2.932153 0.000000
vt -0.000000 -2.932153 0.000000
vt 1.000000 -3.351032 0.000000
vt -0.000000 -3.351032 0.000000
vt 1.000000 -3.769911 0.000000
vt 0.000000 -3.769911 0.000000
vt 1.000000 -4.188790 0.000000
vt 0.000000 -4.188790 0.000000
vt -0.230900 0.999450 0.000000
vt 2.150000 0.999450 0.000000
vt -0.230900 1.000000 0.000000
vt 2.150000 1.000000 0.000000
vt -0.530900 -0.932413 0.000000
vt 1.850000 -0.932413 0.000000
vt -0.530900 -0.000000 0.000000
vt 1.850000 -0.000000 0.000000
vt 5.105900 6.080241 0.000000
vt 10.460890 4.420481 0.000000
vt 13.905900 6.080241 0.000000
vt 10.875000 4.475000 0.000000
vt 11.289110 4.420481 0.000000
vt -3.694100 6.080241 0.000000
vt 5.105900 1.275000 0.000000
vt 9.329519 3.289110 0.000000
vt 9.489359 3.675000 0.000000
vt -12.494100 6.080241 0.000000
vt -9.125000 4.475000 0.000000
vt -8.710890 4.420481 0.000000
vt -8.325000 4.260641 0.000000
vt -12.494100 -2.775000 0.000000
vt -10.670481 2.460890 0.000000
vt -10.725000 2.875000 0.000000
vt -10.670481 3.289110 0.000000
vt -4.487733 -2.775000 0.000000
vt -9.125000 1.275000 0.000000
vt -9.539110 1.329519 0.000000
vt -9.925000 1.489359 0.000000
vt 3.518633 -2.775000 0.000000
vt -3.694100 0.532201 0.000000
vt -7.993629 1.743629 0.000000
vt -8.325000 1.489359 0.000000
vt 5.105900 -0.671400 0.000000
vt 11.525000 -2.775000 0.000000
vt 11.525000 -1.875000 0.000000
vt 13.905900 -1.875000 0.000000
vt 11.675000 1.489359 0.000000
vt 11.289110 1.329519 0.000000
vt 10.875000 1.275000 0.000000
vt 12.475000 2.875000 0.000000
vt 12.420481 2.460890 0.000000
vt 12.260641 2.075000 0.000000
vt -7.579519 3.289110 0.000000
vt -7.525000 2.875000 0.000000
vt -3.694100 1.275000 0.000000
vt -7.579519 2.460890 0.000000
vt -7.739359 2.075000 0.000000
vt -8.710890 1.329519 0.000000
vt -10.256371 1.743629 0.000000
vt -10.510641 2.075000 0.000000
vt -10.510641 3.675000 0.000000
vt -10.256371 4.006371 0.000000
vt -9.925000 4.260641 0.000000
vt -9.539110 4.420481 0.000000
vt -7.993629 4.006371 0.000000
vt -7.739359 3.675000 0.000000
vt 12.006371 1.743629 0.000000
vt 10.460890 1.329519 0.000000
vt 10.075000 1.489359 0.000000
vt 9.743629 1.743629 0.000000
vt 9.489359 2.075000 0.000000
vt 9.329519 2.460890 0.000000
vt 9.275000 2.875000 0.000000
vt 9.743629 4.006371 0.000000
vt 10.075000 4.260641 0.000000
vt 11.675000 4.260641 0.000000
vt 12.006371 4.006371 0.000000
vt 12.260641 3.675000 0.000000
vt 12.420481 3.289110 0.000000
vt 0.000000 0.000000 0.000000
vt 0.018757 0.800000 0.000000
vt 0.000000 0.800000 0.000000
vt -0.569100 0.000000 0.000000
vt 2.050000 -0.000000 0.000000
vt -0.569100 0.800000 0.000000
vt 2.050000 0.800000 0.000000
vt -7.997930 -24.119100 0.000000
vt -7.997930 -21.500000 0.000000
vt -9.000000 -24.119100 0.000000
vt -9.000000 -16.112733 0.000000
vt -7.979173 -21.500000 0.000000
vt -4.100000 -21.500000 0.000000
vt -4.100000 -10.800000 0.000000
vt -9.000000 -8.106367 0.000000
vt -4.100000 -0.100000 0.000000
vt -9.000000 -0.100000 0.000000
vt -12.100000 1.900000 0.000000
vt -12.100000 1.932413 0.000000
vt -17.000000 1.900000 0.000000
vt -17.000550 1.932413 0.000000
vt -17.000550 1.000000 0.000000
vt -17.000000 1.000000 0.000000
vt 2.878141 1.750000 0.000000
vt 0.000000 1.750000 0.000000
vt 2.878141 -0.869100 0.000000
vt 0.000000 -0.869100 0.000000
vt -1.932277 4.100000 0.000000
vt -1.900000 4.100000 0.000000
vt -1.932277 6.978141 0.000000
vt -1.900000 7.979173 0.000000
vt -1.955717 7.977867 0.000000
vt -0.869100 0.285328 0.000000
vt 7.930900 0.285328 0.000000
vt -0.869100 0.400000 0.000000
vt 7.930900 0.400000 0.000000
vt 16.730900 0.285328 0.000000
vt 16.730900 0.400000 0.000000
vt 25.530900 0.285328 0.000000
vt 25.530900 0.400000 0.000000
vt 3.694100 6.130559 0.000000
vt 9.125000 4.475000 0.000000
vt 12.494100 6.130559 0.000000
vt 9.539110 4.420481 0.000000
vt 9.925000 4.260641 0.000000
vt -5.105900 6.130559 0.000000
vt 3.694100 1.275000 0.000000
vt 7.579519 3.289110 0.000000
vt 7.739359 3.675000 0.000000
vt -13.905900 6.130559 0.000000
vt -10.460890 4.420481 0.000000
vt -10.075000 4.260641 0.000000
vt -9.743629 4.006371 0.000000
vt -13.905900 -2.807413 0.000000
vt -12.420481 2.460890 0.000000
vt -12.475000 2.875000 0.000000
vt -12.420481 3.289110 0.000000
vt -11.525000 -2.807413 0.000000
vt -11.525000 -2.775000 0.000000
vt -11.675000 1.489359 0.000000
vt -12.006371 1.743629 0.000000
vt -0.825000 -2.775000 0.000000
vt -5.105900 0.148983 0.000000
vt -10.075000 1.489359 0.000000
vt -10.460890 1.329519 0.000000
vt 9.875000 -2.775000 0.000000
vt 3.694100 -1.568607 0.000000
vt -5.105900 1.275000 0.000000
vt -9.329519 3.289110 0.000000
vt -9.489359 3.675000 0.000000
vt 9.875000 -2.807277 0.000000
vt 12.494100 -2.807277 0.000000
vt 9.925000 1.489359 0.000000
vt 9.539110 1.329519 0.000000
vt 10.670481 2.460890 0.000000
vt 10.510641 2.075000 0.000000
vt 10.256371 1.743629 0.000000
vt 7.579519 2.460890 0.000000
vt 7.525000 2.875000 0.000000
vt 7.993629 4.006371 0.000000
vt 8.325000 4.260641 0.000000
vt 8.710890 4.420481 0.000000
vt 10.256371 4.006371 0.000000
vt 10.510641 3.675000 0.000000
vt 10.670481 3.289110 0.000000
vt 10.725000 2.875000 0.000000
vt 9.125000 1.275000 0.000000
vt 8.710890 1.329519 0.000000
vt 8.325000 1.489359 0.000000
vt 7.993629 1.743629 0.000000
vt 7.739359 2.075000 0.000000
vt -12.260641 3.675000 0.000000
vt -12.006371 4.006371 0.000000
vt -11.675000 4.260641 0.000000
vt -11.289110 4.420481 0.000000
vt -10.875000 4.475000 0.000000
vt -9.275000 2.875000 0.000000
vt -9.329519 2.460890 0.000000
vt -9.489359 2.075000 0.000000
vt -9.743629 1.743629 0.000000
vt -10.875000 1.275000 0.000000
vt -11.289110 1.329519 0.000000
vt -12.260641 2.075000 0.000000
vt 0.530900 -0.511432 0.000000
vt -8.269100 -0.511432 0.000000
vt 0.530900 -0.600000 0.000000
vt -8.269100 -0.600000 0.000000
vt -17.069100 -0.511432 0.000000
vt -17.069100 -0.600000 0.000000
vt -25.869100 -0.511432 0.000000
vt -25.869100 -0.600000 0.000000
vt -1.750000 0.076581 0.000000
vt 0.869100 0.076581 0.000000
vt -1.750000 0.876801 0.000000
vt 0.869100 0.932533 0.000000
vt -1.750000 0.932533 0.000000
vt -0.869100 0.000000 0.000000
vt 1.750000 0.000000 0.000000
vt -0.869100 1.000000 0.000000
vt 1.750000 1.000000 0.000000
vt 2.570473 -4.607669 0.000000
vt 0.000000 -5.026548 0.000000
vt 2.573721 -5.026548 0.000000
vt 2.573721 5.026548 0.000000
vt 0.000000 5.026548 0.000000
vt 0.000000 4.607669 0.000000
vt 2.576969 4.607669 0.000000
vt 0.000000 4.188790 0.000000
vt 2.579996 4.188790 0.000000
vt 0.000000 3.769911 0.000000
vt 2.582595 3.769911 0.000000
vt 0.000000 3.351032 0.000000
vt 2.584589 3.351032 0.000000
vt 0.000000 2.932153 0.000000
vt 2.585843 2.932153 0.000000
vt 0.000000 2.513274 0.000000
vt 2.586271 2.513274 0.000000
vt 2.585843 2.094395 0.000000
vt 0.000000 2.094395 0.000000
vt 2.584589 1.675516 0.000000
vt 0.000000 1.675516 0.000000
vt 2.582595 1.256637 0.000000
vt 0.000000 1.256637 0.000000
vt 2.579996 0.837758 0.000000
vt 0.000000 0.837758 0.000000
vt 2.576969 0.418879 0.000000
vt 0.000000 0.418879 0.000000
vt 2.573721 -0.000000 0.000000
vt 0.000000 -0.000000 0.000000
vt 2.570473 -0.418879 0.000000
vt 0.000000 -0.418879 0.000000
vt 2.567446 -0.837758 0.000000
vt 0.000000 -0.837758 0.000000
vt 2.564847 -1.256637 0.000000
vt 0.000000 -1.256637 0.000000
vt 2.562853 -1.675516 0.000000
vt 0.000000 -1.675516 0.000000
vt 2.561599 -2.094395 0.000000
vt 0.000000 -2.094395 0.000000
vt 2.561172 -2.513274 0.000000
vt 0.000000 -2.513274 0.000000
vt 0.000000 -2.932153 0.000000
vt 0.000000 -4.607669 0.000000
vt 2.567446 -4.188790 0.000000
vt 0.000000 -4.188790 0.000000
vt 2.564847 -3.769911 0.000000
vt 0.000000 -3.769911 0.000000
vt 2.562853 -3.351032 0.000000
vt 0.000000 -3.351032 0.000000
vt 2.561599 -2.932153 0.000000
vt 2.569301 -4.607669 0.000000
vt 0.000000 -5.026548 0.000000
vt 2.572549 -5.026548 0.000000
vt 2.572549 5.026548 0.000000
vt 0.000000 5.026548 0.000000
vt 0.000000 4.607669 0.000000
vt 2.575797 4.607669 0.000000
vt 0.000000 4.188790 0.000000
vt 2.578824 4.188790 0.000000
vt 0.000000 3.769911 0.000000
vt 2.581423 3.769911 0.000000
vt 0.000000 3.351032 0.000000
vt 2.583417 3.351032 0.000000
vt 0.000000 2.932153 0.000000
vt 2.584671 2.932153 0.000000
vt 0.000000 2.513274 0.000000
vt 2.585099 2.513274 0.000000
vt 2.584671 2.094395 0.000000
vt 0.000000 2.094395 0.000000
vt 2.583417 1.675516 0.000000
vt 0.000000 1.675516 0.000000
vt 2.581423 1.256637 0.000000
vt 0.000000 1.256637 0.000000
vt 2.578824 0.837758 0.000000
vt 0.000000 0.837758 0.000000
vt 2.575797 0.418879 0.000000
vt 0.000000 0.418879 0.000000
vt 2.572549 0.000000 0.000000
vt 0.000000 -0.000000 0.000000
vt 2.569301 -0.418879 0.000000
vt 0.000000 -0.418879 0.000000
vt 2.566275 -0.837758 0.000000
vt 0.000000 -0.837758 0.000000
vt 2.563676 -1.256637 0.000000
vt 0.000000 -1.256637 0.000000
vt 2.561681 -1.675516 0.000000
vt 0.000000 -1.675516 0.000000
vt 2.560428 -2.094395 0.000000
vt 0.000000 -2.094395 0.000000
vt 2.560000 -2.513274 0.000000
vt 0.000000 -2.513274 0.000000
vt 0.000000 -2.932153 0.000000
vt 0.000000 -4.607669 0.000000
vt 2.566275 -4.188790 0.000000
vt 0.000000 -4.188790 0.000000
vt 2.563676 -3.769911 0.000000
vt 0.000000 -3.769911 0.000000
vt 2.561681 -3.351032 0.000000
vt 0.000000 -3.351032 0.000000
vt 2.560428 -2.932153 0.000000
vt 2.000000 -9.647307 0.000000
vt 0.000000 -9.647307 0.000000
vt 2.000000 -10.524335 0.000000
vt -0.000000 -10.524335 0.000000
vt 2.000000 10.524335 0.000000
vt -0.000000 10.524335 0.000000
vt 2.000000 9.647307 0.000000
vt 0.000000 9.647307 0.000000
vt 2.000000 8.770279 0.000000
vt 0.000000 8.770279 0.000000
vt 2.000000 7.893252 0.000000
vt -0.000000 7.893252 0.000000
vt 2.000000 7.016224 0.000000
vt 0.000000 7.016224 0.000000
vt 2.000000 6.139196 0.000000
vt -0.000000 6.139196 0.000000
vt 2.000000 5.262168 0.000000
vt -0.000000 5.262168 0.000000
vt 2.000000 4.385140 0.000000
vt 0.000000 4.385140 0.000000
vt 2.000000 3.508112 0.000000
vt -0.000000 3.508112 0.000000
vt 2.000000 2.631084 0.000000
vt 0.000000 2.631084 0.000000
vt 2.000000 1.754056 0.000000
vt -0.000000 1.754056 0.000000
vt 2.000000 0.877028 0.000000
vt -0.000000 0.877028 0.000000
vt 2.000000 0.000000 0.000000
vt 0.000000 0.000000 0.000000
vt 2.000000 -0.877028 0.000000
vt -0.000000 -0.877028 0.000000
vt 2.000000 -1.754056 0.000000
vt -0.000000 -1.754056 0.000000
vt 2.000000 -2.631084 0.000000
vt 0.000000 -2.631084 0.000000
vt 2.000000 -3.508112 0.000000
vt -0.000000 -3.508112 0.000000
vt 2.000000 -4.385140 0.000000
vt 0.000000 -4.385140 0.000000
vt 2.000000 -5.262168 0.000000
vt -0.000000 -5.262168 0.000000
vt 2.000000 -6.139196 0.000000
vt -0.000000 -6.139196 0.000000
vt 2.000000 -7.016224 0.000000
vt 0.000000 -7.016224 0.000000
vt 2.000000 -7.893252 0.000000
vt -0.000000 -7.893252 0.000000
vt 2.000000 -8.770279 0.000000
vt 0.000000 -8.770279 0.000000
vt -0.100000 2.499450 0.000000
vt 2.280900 2.499450 0.000000
vt -0.100000 7.400000 0.000000
vt 2.280900 7.400000 0.000000
vt 1.579222 -9.647307 0.000000
vt -0.000000 -9.647307 0.000000
vt 1.572422 -10.524335 0.000000
vt 0.000000 -10.524335 0.000000
vt 1.572422 10.524335 0.000000
vt 0.000000 10.524335 0.000000
vt 1.565621 9.647307 0.000000
vt 0.000000 9.647307 0.000000
vt 1.559284 8.770279 0.000000
vt -0.000000 8.770279 0.000000
vt 1.553842 7.893252 0.000000
vt 0.000000 7.893252 0.000000
vt 1.549667 7.016224 0.000000
vt 0.000000 7.016224 0.000000
vt 1.547042 6.139196 0.000000
vt 0.000000 6.139196 0.000000
vt 1.546147 5.262168 0.000000
vt 0.000000 5.262168 0.000000
vt 0.000000 4.385140 0.000000
vt 0.000000 -8.770279 0.000000
vt 1.585559 -8.770279 0.000000
vt -0.000000 -7.893252 0.000000
vt 1.591001 -7.893252 0.000000
vt -0.000000 -7.016224 0.000000
vt 1.595177 -7.016224 0.000000
vt -0.000000 -6.139196 0.000000
vt 1.597802 -6.139196 0.000000
vt 0.000000 -5.262168 0.000000
vt 1.598697 -5.262168 0.000000
vt 1.597802 -4.385140 0.000000
vt -0.000000 -4.385140 0.000000
vt 1.595177 -3.508112 0.000000
vt -0.000000 -3.508112 0.000000
vt 1.591001 -2.631084 0.000000
vt -0.000000 -2.631084 0.000000
vt 1.585559 -1.754056 0.000000
vt 0.000000 -1.754056 0.000000
vt 1.579222 -0.877028 0.000000
vt -0.000000 -0.877028 0.000000
vt 1.572422 -0.000000 0.000000
vt 0.000000 0.000000 0.000000
vt 1.565621 0.877028 0.000000
vt 0.000000 0.877028 0.000000
vt 1.559284 1.754056 0.000000
vt -0.000000 1.754056 0.000000
vt 1.553842 2.631084 0.000000
vt 0.000000 2.631084 0.000000
vt 1.549667 3.508112 0.000000
vt 0.000000 3.508112 0.000000
vt 1.547042 4.385140 0.000000
vt 8.045481 -6.422536 0.000000
vt 8.100000 -6.836647 0.000000
vt 8.269100 -7.127958 0.000000
vt 8.045481 -7.250757 0.000000
vt 7.885641 -7.636647 0.000000
vt 7.631371 -7.968017 0.000000
vt 8.269100 -8.571799 0.000000
vt 9.264148 -7.865428 0.000000
vt 9.150000 -6.998384 0.000000
vt 9.264148 -6.131340 0.000000
vt 7.300000 -8.222287 0.000000
vt 6.914111 -8.382128 0.000000
vt 8.269100 -11.815308 0.000000
vt 6.500000 -8.436647 0.000000
vt 6.085890 -8.382128 0.000000
vt 5.700000 -8.222287 0.000000
vt -0.530900 -14.866416 0.000000
vt 8.269100 -14.866416 0.000000
vt 5.368629 -7.968017 0.000000
vt -0.530900 -7.127958 0.000000
vt 5.114359 -7.636647 0.000000
vt 4.954519 -7.250757 0.000000
vt 4.900000 -6.836647 0.000000
vt 4.954519 -6.422536 0.000000
vt 5.114359 -6.036647 0.000000
vt 5.368629 -5.705276 0.000000
vt -0.530900 0.610500 0.000000
vt 5.700000 -5.451006 0.000000
vt 6.085890 -5.291165 0.000000
vt 8.269100 0.610500 0.000000
vt 6.500000 -5.236647 0.000000
vt 6.914111 -5.291165 0.000000
vt 7.300000 -5.451006 0.000000
vt 7.631371 -5.705276 0.000000
vt 7.885641 -6.036647 0.000000
vt 9.598815 -5.323384 0.000000
vt 20.045481 -6.571940 0.000000
vt 20.100000 -6.986051 0.000000
vt 25.869100 -7.127958 0.000000
vt 20.045481 -7.400161 0.000000
vt 19.885641 -7.786051 0.000000
vt 19.631371 -8.117422 0.000000
vt 25.869100 -14.866416 0.000000
vt 19.300000 -8.371692 0.000000
vt 17.069100 -14.866416 0.000000
vt 18.914110 -8.531532 0.000000
vt 18.500000 -8.586051 0.000000
vt 17.069100 -8.626378 0.000000
vt 18.085890 -8.531532 0.000000
vt 17.700000 -8.371692 0.000000
vt 17.368629 -8.117422 0.000000
vt 17.114359 -7.786051 0.000000
vt 15.735852 -7.865428 0.000000
vt 16.954519 -7.400161 0.000000
vt 15.850000 -6.998384 0.000000
vt 16.900000 -6.986051 0.000000
vt 16.954519 -6.571940 0.000000
vt 15.735852 -6.131340 0.000000
vt 17.114359 -6.186051 0.000000
vt 15.401185 -5.323384 0.000000
vt 14.868808 -4.629576 0.000000
vt 17.069100 0.610500 0.000000
vt 14.175000 -4.097199 0.000000
vt 13.367044 -3.762532 0.000000
vt 12.500000 -3.648384 0.000000
vt 11.632956 -3.762532 0.000000
vt 10.825000 -4.097199 0.000000
vt 10.131192 -4.629576 0.000000
vt 17.368629 -5.854680 0.000000
vt 17.700000 -5.600410 0.000000
vt 18.085890 -5.440570 0.000000
vt 18.500000 -5.386051 0.000000
vt 18.914110 -5.440570 0.000000
vt 19.300000 -5.600410 0.000000
vt 25.869100 0.610500 0.000000
vt 19.631371 -5.854680 0.000000
vt 19.885641 -6.186051 0.000000
vt 15.401185 -8.673384 0.000000
vt 14.868808 -9.367192 0.000000
vt 14.175000 -9.899569 0.000000
vt 13.367044 -10.234235 0.000000
vt 12.500000 -10.348384 0.000000
vt 11.632956 -10.234235 0.000000
vt 10.825000 -9.899569 0.000000
vt 10.131192 -9.367192 0.000000
vt 9.598815 -8.673384 0.000000
vt 0.550000 4.607669 0.000000
vt 5.450000 4.607669 0.000000
vt 0.550000 5.026548 0.000000
vt 5.450000 5.026548 0.000000
vt 0.550000 -5.026548 0.000000
vt 5.450000 -5.026548 0.000000
vt 0.550000 -4.607669 0.000000
vt 5.450000 -4.607669 0.000000
vt 0.550000 -4.188790 0.000000
vt 5.450000 -4.188790 0.000000
vt 0.550000 -3.769911 0.000000
vt 5.450000 -3.769911 0.000000
vt 0.550000 -3.351032 0.000000
vt 5.450000 -3.351032 0.000000
vt 0.550000 -2.932153 0.000000
vt 5.450000 -2.932153 0.000000
vt 0.550000 -2.513274 0.000000
vt 5.450000 -2.513274 0.000000
vt 0.550000 -2.094395 0.000000
vt 5.450000 -2.094395 0.000000
vt 0.550000 -1.675516 0.000000
vt 5.450000 -1.675516 0.000000
vt 0.550000 -1.256637 0.000000
vt 5.450000 -1.256637 0.000000
vt 0.550000 -0.837758 0.000000
vt 5.450000 -0.837758 0.000000
vt 0.550000 -0.418879 0.000000
vt 5.450000 -0.418879 0.000000
vt 0.550000 0.000000 0.000000
vt 5.450000 0.000000 0.000000
vt 0.550000 0.418879 0.000000
vt 5.450000 0.418879 0.000000
vt 0.550000 0.837758 0.000000
vt 5.450000 0.837758 0.000000
vt 0.550000 1.256637 0.000000
vt 5.450000 1.256637 0.000000
vt 0.550000 1.675516 0.000000
vt 5.450000 1.675516 0.000000
vt 0.550000 2.094395 0.000000
vt 5.450000 2.094395 0.000000
vt 0.550000 2.513274 0.000000
vt 5.450000 2.513274 0.000000
vt 0.550000 2.932153 0.000000
vt 5.450000 2.932153 0.000000
vt 0.550000 3.351032 0.000000
vt 5.450000 3.351032 0.000000
vt 0.550000 3.769911 0.000000
vt 5.450000 3.769911 0.000000
vt 0.550000 4.188790 0.000000
vt 5.450000 4.188790 0.000000
vt 0.550000 4.607669 0.000000
vt 5.450000 4.607669 0.000000
vt 0.550000 5.026548 0.000000
vt 5.450000 5.026548 0.000000
vt 0.550000 -5.026548 0.000000
vt 5.450000 -5.026548 0.000000
vt 0.550000 -4.607669 0.000000
vt 5.450000 -4.607669 0.000000
vt 0.550000 -4.188790 0.000000
vt 5.450000 -4.188790 0.000000
vt 0.550000 -3.769911 0.000000
vt 5.450000 -3.769911 0.000000
vt 0.550000 -3.351032 0.000000
vt 5.450000 -3.351032 0.000000
vt 0.550000 -2.932153 0.000000
vt 5.450000 -2.932153 0.000000
vt 0.550000 -2.513274 0.000000
vt 5.450000 -2.513274 0.000000
vt 0.550000 -2.094395 0.000000
vt 5.450000 -2.094395 0.000000
vt 0.550000 -1.675516 0.000000
vt 5.450000 -1.675516 0.000000
vt 0.550000 -1.256637 0.000000
vt 5.450000 -1.256637 0.000000
vt 0.550000 -0.837758 0.000000
vt 5.450000 -0.837758 0.000000
vt 0.550000 -0.418879 0.000000
vt 5.450000 -0.418879 0.000000
vt 0.550000 0.000000 0.000000
vt 5.450000 0.000000 0.000000
vt 0.550000 0.418879 0.000000
vt 5.450000 0.418879 0.000000
vt 0.550000 0.837758 0.000000
vt 5.450000 0.837758 0.000000
vt 0.550000 1.256637 0.000000
vt 5.450000 1.256637 0.000000
vt 0.550000 1.675516 0.000000
vt 5.450000 1.675516 0.000000
vt 0.550000 2.094395 0.000000
vt 5.450000 2.094395 0.000000
vt 0.550000 2.513274 0.000000
vt 5.450000 2.513274 0.000000
vt 0.550000 2.932153 0.000000
vt 5.450000 2.932153 0.000000
vt 0.550000 3.351032 0.000000
vt 5.450000 3.351032 0.000000
vt 0.550000 3.769911 0.000000
vt 5.450000 3.769911 0.000000
vt 0.550000 4.188790 0.000000
vt 5.450000 4.188790 0.000000
vn 0.000000 -0.000000 -1.000000
vn 0.000000 -0.000000 -1.000000
vn 0.000000 -0.000000 -1.000000
vn 0.000000 -0.000000 -1.000000
vn -1.000000 -0.000000 -0.000000
vn -1.000000 -0.000000 -0.000000
vn -1.000000 -0.000000 -0.000000
vn -1.000000 -0.000000 -0.000000
vn 1.000000 -0.000000 -0.000000
vn 1.000000 -0.000000 -0.000000
vn 1.000000 -0.000000 -0.000000
vn 1.000000 -0.000000 -0.000000
vn -0.000000 -1.000000 0.000000
vn -0.000000 -1.000000 0.000000
vn -0.000000 -1.000000 0.000000
vn -0.000000 -1.000000 0.000000
vn -0.000000 -1.000000 0.000000
vn -0.000000 -1.000000 0.000000
vn -0.000000 -1.000000 0.000000
vn -0.000000 -1.000000 0.000000
vn -0.000000 -1.000000 0.000000
vn -0.000000 1.000000 0.000000
vn -0.000000 1.000000 0.000000
vn -0.000000 1.000000 0.000000
vn -0.000000 1.000000 0.000000
vn -0.000000 1.000000 0.000000
vn -0.000000 1.000000 0.000000
vn -0.000000 1.000000 0.000000
vn -0.000000 1.000000 0.000000
vn -0.000000 1.000000 0.000000
vn -0.000000 1.000000 0.000000
vn -0.000000 1.000000 0.000000
vn 0.000000 0.000000 -1.000000
vn 0.000000 0.000000 -1.000000
vn 0.000000 0.000000 -1.000000
vn 0.000000 0.000000 -1.000000
vn 0.000000 0.000000 -1.000000
vn 0.000000 0.000000 -1.000000
vn 0.000000 0.000000 -1.000000
vn 0.000000 0.000000 -1.000000
vn 0.000000 0.000000 -1.000000
vn 0.000000 0.000000 -1.000000
vn 0.000000 0.000000 -1.000000
vn 0.000000 0.000000 -1.000000
vn 0.000000 0.000000 -1.000000
vn 0.000000 0.000000 -1.000000
vn 0.000000 0.000000 -1.000000
vn 0.000000 0.000000 -1.000000
vn 0.000000 0.000000 -1.000000
vn 0.000000 0.000000 -1.000000
vn 0.000000 0.000000 -1.000000
vn 0.000000 0.000000 -1.000000
vn 0.000000 0.000000 -1.000000
vn 0.000000 0.000000 -1.000000
vn 0.000000 -1.000000 0.000000
vn 0.000000 -1.000000 0.000000
vn 0.000000 -1.000000 0.000000
vn 0.000000 -1.000000 0.000000
vn 0.000000 -1.000000 0.000000
vn 0.000000 -1.000000 0.000000
vn 0.000000 -1.000000 0.000000
vn 0.000000 -1.000000 0.000000
vn -1.000000 0.000000 0.000000
vn -1.000000 0.000000 0.000000
vn -1.000000 0.000000 0.000000
vn -1.000000 0.000000 0.000000
vn -1.000000 0.000000 0.000000
vn -1.000000 0.000000 0.000000
vn -1.000000 0.000000 0.000000
vn -1.000000 0.000000 0.000000
vn -1.000000 0.000000 0.000000
vn -1.000000 0.000000 0.000000
vn -1.000000 0.000000 0.000000
vn -1.000000 0.000000 0.000000
vn -1.000000 0.000000 0.000000
vn -1.000000 0.000000 0.000000
vn -1.000000 0.000000 0.000000
vn -1.000000 0.000000 0.000000
vn -1.000000 0.000000 0.000000
vn -1.000000 0.000000 0.000000
vn -1.000000 0.000000 0.000000
vn -1.000000 0.000000 0.000000
vn -1.000000 0.000000 0.000000
vn -1.000000 0.000000 0.000000
vn 1.000000 0.000000 0.000000
vn 1.000000 0.000000 0.000000
vn 1.000000 0.000000 0.000000
vn 1.000000 0.000000 0.000000
vn 1.000000 0.000000 0.000000
vn 1.000000 0.000000 0.000000
vn 1.000000 0.000000 0.000000
vn 1.000000 0.000000 0.000000
vn 1.000000 0.000000 0.000000
vn 1.000000 0.000000 0.000000
vn 1.000000 0.000000 0.000000
vn 1.000000 0.000000 0.000000
vn 1.000000 0.000000 0.000000
vn 1.000000 0.000000 0.000000
vn 1.000000 0.000000 0.000000
vn 1.000000 0.000000 0.000000
vn 1.000000 0.000000 0.000000
vn 1.000000 0.000000 0.000000
vn 1.000000 0.000000 0.000000
vn 1.000000 0.000000 0.000000
vn -1.000000 -0.000000 -0.000000
vn -1.000000 -0.000000 -0.000000
vn -1.000000 -0.000000 -0.000000
vn -1.000000 -0.000000 -0.000000
vn -1.000000 -0.000000 -0.000000
vn -1.000000 -0.000000 -0.000000
vn -0.000000 1.000000 -0.000000
vn -0.000000 1.000000 -0.000000
vn -0.000000 1.000000 -0.000000
vn -0.000000 1.000000 -0.000000
vn -0.000000 1.000000 -0.000000
vn -0.000000 1.000000 -0.000000
vn 1.000000 -0.000000 -0.000000
vn 1.000000 -0.000000 -0.000000
vn 1.000000 -0.000000 -0.000000
vn 1.000000 -0.000000 -0.000000
vn 1.000000 -0.000000 -0.000000
vn 1.000000 -0.000000 -0.000000
vn 0.000000 0.000000 1.000000
vn 0.000000 0.000000 1.000000
vn 0.000000 0.000000 1.000000
vn 0.000000 0.000000 1.000000
vn 0.000000 0.000000 1.000000
vn 0.000000 0.000000 1.000000
vn 0.000000 0.000000 1.000000
vn 0.000000 0.000000 1.000000
vn 0.000000 0.000000 1.000000
vn 0.000000 0.000000 1.000000
vn 0.000000 0.000000 1.000000
vn 0.000000 0.000000 1.000000
vn 0.000000 0.000000 1.000000
vn 0.000000 0.000000 1.000000
vn 0.000000 0.000000 1.000000
vn 0.000000 0.000000 1.000000
vn 0.000000 0.000000 1.000000
vn 0.000000 0.000000 1.000000
vn 0.000000 0.000000 1.000000
vn 0.000000 0.000000 1.000000
vn 0.000000 -0.707694 -0.706519
vn 0.000000 -0.707694 -0.706519
vn 0.000000 -0.707694 -0.706519
vn 0.000000 -0.707694 -0.706519
vn 0.000000 -0.707694 -0.706519
vn 0.000000 -0.707694 -0.706519
vn 0.000000 -0.707694 -0.706519
vn 0.000000 -0.707694 -0.706519
vn -0.000000 0.706519 -0.707694
vn -0.000000 0.706519 -0.707694
vn -0.000000 0.706519 -0.707694
vn -0.000000 0.706519 -0.707694
vn -0.000000 0.706519 -0.707694
vn -0.000000 0.706519 -0.707694
vn -0.000000 0.706519 -0.707694
vn -0.000000 0.706519 -0.707694
vn -0.000000 0.706519 -0.707694
vn -0.000000 0.706519 -0.707694
vn -0.000000 0.706519 -0.707694
vn -0.000000 0.706519 -0.707694
vn -0.000000 0.706519 -0.707694
vn -0.000000 0.706519 -0.707694
vn -0.000000 0.706519 -0.707694
vn -0.000000 0.706519 -0.707694
vn -0.000000 0.706519 -0.707694
vn -0.000000 0.706519 -0.707694
vn -0.000000 0.706519 -0.707694
vn -0.000000 0.706519 -0.707694
vn -0.000000 0.706519 -0.707694
vn -0.000000 0.706519 -0.707694
vn -0.000000 0.706519 -0.707694
vn -0.000000 0.706519 -0.707694
vn -0.000000 0.706519 -0.707694
vn -0.000000 0.706519 -0.707694
vn -0.000000 0.706519 -0.707694
vn -0.000000 0.706519 -0.707694
vn -0.000000 0.706519 -0.707694
vn -0.000000 0.706519 -0.707694
vn -0.000000 0.706519 -0.707694
vn -0.000000 0.706519 -0.707694
vn -0.000000 0.706519 -0.707694
vn -0.000000 0.706519 -0.707694
vn -0.000000 0.706519 -0.707694
vn -0.000000 0.706519 -0.707694
vn -0.000000 0.706519 -0.707694
vn -0.000000 0.706519 -0.707694
vn -0.000000 0.706519 -0.707694
vn -0.000000 0.706519 -0.707694
vn -0.000000 0.706519 -0.707694
vn -0.000000 0.706519 -0.707694
vn -0.000000 0.706519 -0.707694
vn -0.000000 0.706519 -0.707694
vn -0.000000 0.706519 -0.707694
vn -0.000000 0.706519 -0.707694
vn -0.000000 0.706519 -0.707694
vn -0.000000 0.706519 -0.707694
vn -0.000000 0.706519 -0.707694
vn -0.000000 0.706519 -0.707694
vn -0.000000 0.706519 -0.707694
vn -0.000000 0.706519 -0.707694
vn -0.000000 0.706519 -0.707694
vn -0.000000 0.706519 -0.707694
vn -0.000000 0.706519 -0.707694
vn -0.000000 0.706519 -0.707694
vn -0.000000 0.706519 -0.707694
vn -0.000000 0.706519 -0.707694
vn -0.000000 0.706519 -0.707694
vn -0.000000 0.706519 -0.707694
vn -0.000000 0.706519 -0.707694
vn -0.000000 0.706519 -0.707694
vn -0.000000 0.706519 -0.707694
vn -0.000000 0.706519 -0.707694
vn -0.000000 0.706519 -0.707694
vn -0.000000 0.706519 -0.707694
vn -0.000000 0.706519 -0.707694
vn -0.000000 0.706519 -0.707694
vn -0.000000 0.706519 -0.707694
vn -0.000000 0.706519 -0.707694
vn -0.000000 0.706519 -0.707694
vn -0.000000 0.706519 -0.707694
vn -0.000000 0.706519 -0.707694
vn -0.000000 0.706519 -0.707694
vn -0.000000 0.706519 -0.707694
vn -0.000000 0.706519 -0.707694
vn -0.000000 0.706519 -0.707694
vn -0.000000 0.706519 -0.707694
vn -0.000000 0.706519 -0.707694
vn -0.000000 0.706519 -0.707694
vn -0.000000 0.706519 -0.707694
vn -0.000000 0.706519 -0.707694
vn -0.000000 0.706519 -0.707694
vn -0.000000 0.706519 -0.707694
vn -0.000000 0.706519 -0.707694
vn -0.258826 -0.683578 -0.682444
vn -0.258826 -0.683578 -0.682444
vn -0.000000 -0.707694 -0.706519
vn -0.000000 -0.707694 -0.706519
vn 0.258826 -0.683578 -0.682444
vn 0.258826 -0.683578 -0.682444
vn 0.500012 -0.612876 -0.611859
vn 0.500012 -0.612876 -0.611859
vn 0.707118 -0.500407 -0.499577
vn 0.707118 -0.500407 -0.499577
vn 0.866032 -0.353839 -0.353251
vn 0.866032 -0.353839 -0.353251
vn 0.965928 -0.183159 -0.182855
vn 0.965928 -0.183159 -0.182855
vn 1.000000 0.000000 0.000000
vn 1.000000 0.000000 0.000000
vn 0.965928 0.183159 0.182855
vn 0.965928 0.183159 0.182855
vn 0.866032 0.353839 0.353251
vn 0.866032 0.353839 0.353251
vn 0.707118 0.500407 0.499577
vn 0.707118 0.500407 0.499577
vn 0.500012 0.612876 0.611859
vn 0.500012 0.612876 0.611859
vn 0.258826 0.683578 0.682444
vn 0.258826 0.683578 0.682444
vn 0.000000 0.707694 0.706519
vn 0.000000 0.707694 0.706519
vn -0.258826 0.683578 0.682444
vn -0.258826 0.683578 0.682444
vn -0.500012 0.612876 0.611859
vn -0.500012 0.612876 0.611859
vn -0.707118 0.500407 0.499577
vn -0.707118 0.500407 0.499577
vn -0.866032 0.353839 0.353251
vn -0.866032 0.353839 0.353251
vn -0.965928 0.183159 0.182855
vn -0.965928 0.183159 0.182855
vn -1.000000 0.000000 0.000000
vn -1.000000 0.000000 0.000000
vn -0.965928 -0.183159 -0.182855
vn -0.965928 -0.183159 -0.182855
vn -0.866032 -0.353839 -0.353251
vn -0.866032 -0.353839 -0.353251
vn -0.707118 -0.500407 -0.499577
vn -0.707118 -0.500407 -0.499577
vn -0.500012 -0.612876 -0.611859
vn -0.500012 -0.612876 -0.611859
vn -0.258826 -0.683578 -0.682444
vn -0.258826 -0.683578 -0.682444
vn -0.000000 -0.707694 -0.706519
vn -0.000000 -0.707694 -0.706519
vn 0.258826 -0.683578 -0.682444
vn 0.258826 -0.683578 -0.682444
vn 0.500012 -0.612876 -0.611859
vn 0.500012 -0.612876 -0.611859
vn 0.707118 -0.500407 -0.499577
vn 0.707118 -0.500407 -0.499577
vn 0.866032 -0.353839 -0.353251
vn 0.866032 -0.353839 -0.353251
vn 0.965928 -0.183159 -0.182855
vn 0.965928 -0.183159 -0.182855
vn 1.000000 0.000000 0.000000
vn 1.000000 0.000000 0.000000
vn 0.965928 0.183159 0.182855
vn 0.965928 0.183159 0.182855
vn 0.866032 0.353839 0.353251
vn 0.866032 0.353839 0.353251
vn 0.707118 0.500407 0.499577
vn 0.707118 0.500407 0.499577
vn 0.500012 0.612876 0.611859
vn 0.500012 0.612876 0.611859
vn 0.258826 0.683578 0.682444
vn 0.258826 0.683578 0.682444
vn 0.000000 0.707694 0.706519
vn 0.000000 0.707694 0.706519
vn -0.258826 0.683578 0.682444
vn -0.258826 0.683578 0.682444
vn -0.500012 0.612876 0.611859
vn -0.500012 0.612876 0.611859
vn -0.707118 0.500407 0.499577
vn -0.707118 0.500407 0.499577
vn -0.866032 0.353839 0.353251
vn -0.866032 0.353839 0.353251
vn -0.965928 0.183159 0.182855
vn -0.965928 0.183159 0.182855
vn -1.000000 0.000000 0.000000
vn -1.000000 0.000000 0.000000
vn -0.965928 -0.183159 -0.182855
vn -0.965928 -0.183159 -0.182855
vn -0.866032 -0.353839 -0.353251
vn -0.866032 -0.353839 -0.353251
vn -0.707118 -0.500407 -0.499577
vn -0.707118 -0.500407 -0.499577
vn -0.500012 -0.612876 -0.611859
vn -0.500012 -0.612876 -0.611859
vn 0.000000 -1.000000 -0.000000
vn 0.000000 -1.000000 -0.000000
vn 0.000000 -1.000000 -0.000000
vn 0.000000 -1.000000 -0.000000
vn 0.000000 0.000000 -1.000000
vn 0.000000 0.000000 -1.000000
vn 0.000000 0.000000 -1.000000
vn 0.000000 0.000000 -1.000000
vn -0.000000 -0.000000 -1.000000
vn -0.000000 -0.000000 -1.000000
vn -0.000000 -0.000000 -1.000000
vn -0.000000 -0.000000 -1.000000
vn -0.000000 -0.000000 -1.000000
vn -0.000000 -0.000000 -1.000000
vn -0.000000 -0.000000 -1.000000
vn -0.000000 -0.000000 -1.000000
vn -0.000000 -0.000000 -1.000000
vn -0.000000 -0.000000 -1.000000
vn -0.000000 -0.000000 -1.000000
vn -0.000000 -0.000000 -1.000000
vn -0.000000 -0.000000 -1.000000
vn -0.000000 -0.000000 -1.000000
vn -0.000000 -0.000000 -1.000000
vn -0.000000 -0.000000 -1.000000
vn -0.000000 -0.000000 -1.000000
vn -0.000000 -0.000000 -1.000000
vn -0.000000 -0.000000 -1.000000
vn -0.000000 -0.000000 -1.000000
vn -0.000000 -0.000000 -1.000000
vn -0.000000 -0.000000 -1.000000
vn -0.000000 -0.000000 -1.000000
vn -0.000000 -0.000000 -1.000000
vn -0.000000 -0.000000 -1.000000
vn -0.000000 -0.000000 -1.000000
vn -0.000000 -0.000000 -1.000000
vn -0.000000 -0.000000 -1.000000
vn -0.000000 -0.000000 -1.000000
vn -0.000000 -0.000000 -1.000000
vn -0.000000 -0.000000 -1.000000
vn -0.000000 -0.000000 -1.000000
vn -0.000000 -0.000000 -1.000000
vn -0.000000 -0.000000 -1.000000
vn -0.000000 -0.000000 -1.000000
vn -0.000000 -0.000000 -1.000000
vn -0.000000 -0.000000 -1.000000
vn -0.000000 -0.000000 -1.000000
vn -0.000000 -0.000000 -1.000000
vn -0.000000 -0.000000 -1.000000
vn -0.000000 -0.000000 -1.000000
vn -0.000000 -0.000000 -1.000000
vn -0.000000 -0.000000 -1.000000
vn -0.000000 -0.000000 -1.000000
vn -0.000000 -0.000000 -1.000000
vn -0.000000 -0.000000 -1.000000
vn -0.000000 -0.000000 -1.000000
vn -0.000000 -0.000000 -1.000000
vn -0.000000 -0.000000 -1.000000
vn -0.000000 -0.000000 -1.000000
vn -0.000000 -0.000000 -1.000000
vn -0.000000 -0.000000 -1.000000
vn -0.000000 -0.000000 -1.000000
vn -0.000000 -0.000000 -1.000000
vn -0.000000 -0.000000 -1.000000
vn -0.000000 -0.000000 -1.000000
vn -0.000000 -0.000000 -1.000000
vn -0.000000 -0.000000 -1.000000
vn -0.000000 -0.000000 -1.000000
vn -0.000000 -0.000000 -1.000000
vn -0.000000 -0.000000 -1.000000
vn -0.000000 -0.000000 -1.000000
vn -1.000000 0.000000 0.000000
vn -1.000000 0.000000 0.000000
vn -1.000000 0.000000 0.000000
vn 0.000000 -0.000000 1.000000
vn 0.000000 -0.000000 1.000000
vn 0.000000 -0.000000 1.000000
vn 0.000000 -0.000000 1.000000
vn 0.000000 1.000000 0.000000
vn 0.000000 1.000000 0.000000
vn 0.000000 1.000000 0.000000
vn 0.000000 1.000000 0.000000
vn 0.000000 1.000000 0.000000
vn 0.000000 1.000000 0.000000
vn 0.000000 1.000000 0.000000
vn 0.000000 1.000000 0.000000
vn 0.000000 1.000000 0.000000
vn 0.000000 1.000000 0.000000
vn -1.000000 0.000000 0.000000
vn -1.000000 0.000000 0.000000
vn -1.000000 0.000000 0.000000
vn -1.000000 0.000000 0.000000
vn -1.000000 0.000000 0.000000
vn -1.000000 0.000000 0.000000
vn -0.000000 1.000000 0.000000
vn -0.000000 1.000000 0.000000
vn -0.000000 1.000000 0.000000
vn -0.000000 1.000000 0.000000
vn 1.000000 0.000000 -0.000000
vn 1.000000 0.000000 -0.000000
vn 1.000000 0.000000 -0.000000
vn 1.000000 0.000000 -0.000000
vn 1.000000 0.000000 -0.000000
vn 0.000000 -1.000000 0.000000
vn 0.000000 -1.000000 0.000000
vn 0.000000 -1.000000 0.000000
vn 0.000000 -1.000000 0.000000
vn 0.000000 -1.000000 0.000000
vn 0.000000 -1.000000 0.000000
vn 0.000000 -1.000000 0.000000
vn 0.000000 -1.000000 0.000000
vn 0.000000 0.000000 1.000000
vn 0.000000 0.000000 1.000000
vn 0.000000 0.000000 1.000000
vn 0.000000 0.000000 1.000000
vn 0.000000 0.000000 1.000000
vn 0.000000 0.000000 1.000000
vn 0.000000 0.000000 1.000000
vn 0.000000 0.000000 1.000000
vn 0.000000 0.000000 1.000000
vn 0.000000 0.000000 1.000000
vn 0.000000 0.000000 1.000000
vn 0.000000 0.000000 1.000000
vn 0.000000 0.000000 1.000000
vn 0.000000 0.000000 1.000000
vn 0.000000 0.000000 1.000000
vn 0.000000 0.000000 1.000000
vn 0.000000 0.000000 1.000000
vn 0.000000 0.000000 1.000000
vn 0.000000 0.000000 1.000000
vn 0.000000 0.000000 1.000000
vn 0.000000 0.000000 1.000000
vn 0.000000 0.000000 1.000000
vn 0.000000 0.000000 1.000000
vn 0.000000 0.000000 1.000000
vn 0.000000 0.000000 1.000000
vn 0.000000 0.000000 1.000000
vn 0.000000 0.000000 1.000000
vn 0.000000 0.000000 1.000000
vn 0.000000 0.000000 1.000000
vn 0.000000 0.000000 1.000000
vn 0.000000 0.000000 1.000000
vn 0.000000 0.000000 1.000000
vn 0.000000 0.000000 1.000000
vn 0.000000 0.000000 1.000000
vn 0.000000 0.000000 1.000000
vn 0.000000 0.000000 1.000000
vn 0.000000 0.000000 1.000000
vn 0.000000 0.000000 1.000000
vn 0.000000 0.000000 1.000000
vn 0.000000 0.000000 1.000000
vn 0.000000 0.000000 1.000000
vn 0.000000 0.000000 1.000000
vn 0.000000 0.000000 1.000000
vn 0.000000 0.000000 1.000000
vn 0.000000 0.000000 1.000000
vn 0.000000 0.000000 1.000000
vn 0.000000 0.000000 1.000000
vn 0.000000 0.000000 1.000000
vn 0.000000 0.000000 1.000000
vn 0.000000 0.000000 1.000000
vn 0.000000 0.000000 1.000000
vn 0.000000 0.000000 1.000000
vn 0.000000 0.000000 1.000000
vn 0.000000 0.000000 1.000000
vn 0.000000 0.000000 1.000000
vn 0.000000 0.000000 1.000000
vn 0.000000 0.000000 1.000000
vn 0.000000 0.000000 1.000000
vn 0.000000 0.000000 1.000000
vn 0.000000 0.000000 1.000000
vn 0.000000 0.000000 1.000000
vn 0.000000 0.000000 1.000000
vn 0.000000 0.000000 1.000000
vn 0.000000 0.713213 0.700947
vn 0.000000 0.713213 0.700947
vn 0.000000 0.713213 0.700947
vn 0.000000 0.713213 0.700947
vn 0.000000 0.713213 0.700947
vn 0.000000 0.713213 0.700947
vn 0.000000 0.713213 0.700947
vn 0.000000 0.713213 0.700947
vn 0.000000 0.023440 -0.999725
vn 0.000000 0.023440 -0.999725
vn 0.000000 0.023440 -0.999725
vn 0.000000 0.023440 -0.999725
vn 0.000000 0.023440 -0.999725
vn -0.000000 0.999725 0.023440
vn -0.000000 0.999725 0.023440
vn -0.000000 0.999725 0.023440
vn -0.000000 0.999725 0.023440
vn 0.965926 -0.184593 -0.181418
vn 1.000000 -0.000000 -0.000000
vn 0.965926 0.184593 0.181418
vn 0.965926 0.184593 0.181418
vn 0.866025 0.356607 0.350473
vn 0.866025 0.356607 0.350473
vn 0.707107 0.504318 0.495644
vn 0.707107 0.504318 0.495644
vn 0.500000 0.617661 0.607038
vn 0.500000 0.617661 0.607038
vn 0.258819 0.688911 0.677063
vn 0.258819 0.688911 0.677063
vn -0.000000 0.713213 0.700947
vn -0.000000 0.713213 0.700947
vn -0.258819 0.688911 0.677063
vn -0.258819 0.688911 0.677063
vn -0.500000 0.617661 0.607038
vn -0.500000 0.617661 0.607038
vn -0.707107 0.504318 0.495644
vn -0.707107 0.504318 0.495644
vn -0.866025 0.356607 0.350473
vn -0.866025 0.356607 0.350473
vn -0.965926 0.184593 0.181418
vn -0.965926 0.184593 0.181418
vn -1.000000 -0.000000 -0.000000
vn -0.965926 -0.184593 -0.181418
vn -0.965926 -0.184593 -0.181418
vn -0.866025 -0.356607 -0.350473
vn -0.866025 -0.356607 -0.350473
vn -0.707107 -0.504318 -0.495644
vn -0.707107 -0.504318 -0.495644
vn -0.500000 -0.617661 -0.607038
vn -0.500000 -0.617661 -0.607038
vn -0.258819 -0.688911 -0.677063
vn -0.258819 -0.688911 -0.677063
vn -0.000000 -0.713213 -0.700947
vn 0.000000 -0.713213 -0.700947
vn 0.258819 -0.688911 -0.677063
vn 0.965926 -0.184593 -0.181418
vn 0.866025 -0.356607 -0.350473
vn 0.866025 -0.356607 -0.350473
vn 0.707107 -0.504318 -0.495644
vn 0.707107 -0.504318 -0.495644
vn 0.500000 -0.617661 -0.607038
vn 0.500000 -0.617661 -0.607038
vn 0.258819 -0.688911 -0.677063
vn 0.965926 -0.184593 -0.181418
vn 1.000000 -0.000000 -0.000000
vn 0.965926 0.184593 0.181418
vn 0.965926 0.184593 0.181418
vn 0.866025 0.356607 0.350473
vn 0.866025 0.356607 0.350473
vn 0.707107 0.504318 0.495644
vn 0.707107 0.504318 0.495644
vn 0.500000 0.617661 0.607038
vn 0.500000 0.617661 0.607038
vn 0.258819 0.688911 0.677063
vn 0.258819 0.688911 0.677063
vn -0.000000 0.713213 0.700947
vn -0.000000 0.713213 0.700947
vn -0.258819 0.688911 0.677063
vn -0.258819 0.688911 0.677063
vn -0.500000 0.617661 0.607038
vn -0.500000 0.617661 0.607038
vn -0.707107 0.504318 0.495644
vn -0.707107 0.504318 0.495644
vn -0.866025 0.356607 0.350473
vn -0.866025 0.356607 0.350473
vn -0.965926 0.184593 0.181418
vn -0.965926 0.184593 0.181418
vn -1.000000 -0.000000 -0.000000
vn -0.965926 -0.184593 -0.181418
vn -0.965926 -0.184593 -0.181418
vn -0.866025 -0.356607 -0.350473
vn -0.866025 -0.356607 -0.350473
vn -0.707107 -0.504318 -0.495644
vn -0.707107 -0.504318 -0.495644
vn -0.500000 -0.617661 -0.607038
vn -0.500000 -0.617661 -0.607038
vn -0.258819 -0.688911 -0.677063
vn -0.258819 -0.688911 -0.677063
vn -0.000000 -0.713213 -0.700947
vn 0.000000 -0.713213 -0.700947
vn 0.258819 -0.688911 -0.677063
vn 0.965926 -0.184593 -0.181418
vn 0.866025 -0.356607 -0.350473
vn 0.866025 -0.356607 -0.350473
vn 0.707107 -0.504318 -0.495644
vn 0.707107 -0.504318 -0.495644
vn 0.500000 -0.617661 -0.607038
vn 0.500000 -0.617661 -0.607038
vn 0.258819 -0.688911 -0.677063
vn 0.258826 0.683578 0.682444
vn 0.258826 0.683578 0.682444
vn 0.000000 0.707694 0.706519
vn 0.000000 0.707694 0.706519
vn -0.258826 0.683578 0.682444
vn -0.258826 0.683578 0.682444
vn -0.500012 0.612876 0.611859
vn -0.500012 0.612876 0.611859
vn -0.707118 0.500407 0.499577
vn -0.707118 0.500407 0.499577
vn -0.866032 0.353839 0.353251
vn -0.866032 0.353839 0.353251
vn -0.965928 0.183159 0.182855
vn -0.965928 0.183159 0.182855
vn -1.000000 0.000000 0.000000
vn -1.000000 -0.000000 -0.000000
vn -0.965928 -0.183159 -0.182855
vn -0.965928 -0.183159 -0.182855
vn -0.866032 -0.353839 -0.353251
vn -0.866032 -0.353839 -0.353251
vn -0.707118 -0.500407 -0.499577
vn -0.707118 -0.500407 -0.499577
vn -0.500012 -0.612876 -0.611859
vn -0.500012 -0.612876 -0.611859
vn -0.258826 -0.683578 -0.682444
vn -0.258826 -0.683578 -0.682444
vn 0.000000 -0.707694 -0.706519
vn 0.000000 -0.707694 -0.706519
vn 0.258826 -0.683578 -0.682444
vn 0.258826 -0.683578 -0.682444
vn 0.500012 -0.612876 -0.611859
vn 0.500012 -0.612876 -0.611859
vn 0.707118 -0.500407 -0.499577
vn 0.707118 -0.500407 -0.499577
vn 0.866032 -0.353839 -0.353251
vn 0.866032 -0.353839 -0.353251
vn 0.965928 -0.183159 -0.182855
vn 0.965928 -0.183159 -0.182855
vn 1.000000 0.000000 0.000000
vn 1.000000 -0.000000 -0.000000
vn 0.965928 0.183159 0.182855
vn 0.965928 0.183159 0.182855
vn 0.866032 0.353839 0.353251
vn 0.866032 0.353839 0.353251
vn 0.707118 0.500407 0.499577
vn 0.707118 0.500407 0.499577
vn 0.500012 0.612876 0.611859
vn 0.500012 0.612876 0.611859
vn 0.000000 1.000000 0.000000
vn 0.000000 1.000000 0.000000
vn 0.000000 1.000000 0.000000
vn 0.000000 1.000000 0.000000
vn -0.965926 0.184593 0.181418
vn -0.965926 0.184593 0.181418
vn -1.000000 0.000000 0.000000
vn -0.965926 -0.184593 -0.181418
vn -0.965926 -0.184593 -0.181418
vn -0.866025 -0.356607 -0.350473
vn -0.866025 -0.356607 -0.350473
vn -0.707107 -0.504318 -0.495644
vn -0.707107 -0.504318 -0.495644
vn -0.500000 -0.617661 -0.607038
vn -0.500000 -0.617661 -0.607038
vn -0.258819 -0.688911 -0.677063
vn -0.258819 -0.688911 -0.677063
vn 0.000000 -0.713213 -0.700947
vn 0.000000 -0.713213 -0.700947
vn 0.258819 -0.688911 -0.677063
vn -0.866025 0.356607 0.350473
vn -0.866025 0.356607 0.350473
vn -0.707107 0.504318 0.495644
vn -0.707107 0.504318 0.495644
vn -0.500000 0.617661 0.607038
vn -0.500000 0.617661 0.607038
vn -0.258819 0.688911 0.677063
vn -0.258819 0.688911 0.677063
vn 0.000000 0.713213 0.700947
vn 0.000000 0.713213 0.700947
vn 0.258819 0.688911 0.677063
vn 0.258819 0.688911 0.677063
vn 0.500000 0.617661 0.607038
vn 0.500000 0.617661 0.607038
vn 0.707107 0.504318 0.495644
vn 0.707107 0.504318 0.495644
vn 0.866025 0.356607 0.350473
vn 0.866025 0.356607 0.350473
vn 0.965926 0.184593 0.181418
vn 0.965926 0.184593 0.181418
vn 1.000000 -0.000000 0.000000
vn 0.965926 -0.184593 -0.181418
vn 0.965926 -0.184593 -0.181418
vn 0.866025 -0.356607 -0.350473
vn 0.866025 -0.356607 -0.350473
vn 0.707107 -0.504318 -0.495644
vn 0.707107 -0.504318 -0.495644
vn 0.500000 -0.617661 -0.607038
vn 0.500000 -0.617661 -0.607038
vn 0.258819 -0.688911 -0.677063
vn 0.000000 -0.700947 0.713213
vn 0.000000 -0.700947 0.713213
vn 0.000000 -0.700947 0.713213
vn 0.000000 -0.700947 0.713213
vn 0.000000 -0.700947 0.713213
vn 0.000000 -0.700947 0.713213
vn 0.000000 -0.700947 0.713213
vn 0.000000 -0.700947 0.713213
vn 0.000000 -0.700947 0.713213
vn 0.000000 -0.700947 0.713213
vn 0.000000 -0.700947 0.713213
vn 0.000000 -0.700947 0.713213
vn 0.000000 -0.700947 0.713213
vn 0.000000 -0.700947 0.713213
vn 0.000000 -0.700947 0.713213
vn 0.000000 -0.700947 0.713213
vn 0.000000 -0.700947 0.713213
vn 0.000000 -0.700947 0.713213
vn 0.000000 -0.700947 0.713213
vn 0.000000 -0.700947 0.713213
vn 0.000000 -0.700947 0.713213
vn 0.000000 -0.700947 0.713213
vn 0.000000 -0.700947 0.713213
vn 0.000000 -0.700947 0.713213
vn 0.000000 -0.700947 0.713213
vn 0.000000 -0.700947 0.713213
vn 0.000000 -0.700947 0.713213
vn 0.000000 -0.700947 0.713213
vn 0.000000 -0.700947 0.713213
vn 0.000000 -0.700947 0.713213
vn 0.000000 -0.700947 0.713213
vn 0.000000 -0.700947 0.713213
vn 0.000000 -0.700947 0.713213
vn 0.000000 -0.700947 0.713213
vn 0.000000 -0.700947 0.713213
vn 0.000000 -0.700947 0.713213
vn 0.000000 -0.700947 0.713213
vn 0.000000 -0.700947 0.713213
vn 0.000000 -0.700947 0.713213
vn 0.000000 -0.700947 0.713213
vn 0.000000 -0.700947 0.713213
vn 0.000000 -0.700947 0.713213
vn 0.000000 -0.700947 0.713213
vn 0.000000 -0.700947 0.713213
vn 0.000000 -0.700947 0.713213
vn 0.000000 -0.700947 0.713213
vn 0.000000 -0.700947 0.713213
vn 0.000000 -0.700947 0.713213
vn 0.000000 -0.700947 0.713213
vn 0.000000 -0.700947 0.713213
vn 0.000000 -0.700947 0.713213
vn 0.000000 -0.700947 0.713213
vn 0.000000 -0.700947 0.713213
vn 0.000000 -0.700947 0.713213
vn 0.000000 -0.700947 0.713213
vn 0.000000 -0.700947 0.713213
vn 0.000000 -0.700947 0.713213
vn 0.000000 -0.700947 0.713213
vn 0.000000 -0.700947 0.713213
vn 0.000000 -0.700947 0.713213
vn 0.000000 -0.700947 0.713213
vn 0.000000 -0.700947 0.713213
vn 0.000000 -0.700947 0.713213
vn 0.000000 -0.700947 0.713213
vn 0.000000 -0.700947 0.713213
vn 0.000000 -0.700947 0.713213
vn 0.000000 -0.700947 0.713213
vn 0.000000 -0.700947 0.713213
vn 0.000000 -0.700947 0.713213
vn 0.000000 -0.700947 0.713213
vn 0.000000 -0.700947 0.713213
vn 0.000000 -0.700947 0.713213
vn 0.000000 -0.700947 0.713213
vn 0.000000 -0.700947 0.713213
vn 0.000000 -0.700947 0.713213
vn 0.000000 -0.700947 0.713213
vn 0.000000 -0.700947 0.713213
vn 0.000000 -0.700947 0.713213
vn 0.000000 -0.700947 0.713213
vn 0.000000 -0.700947 0.713213
vn 0.000000 -0.700947 0.713213
vn 0.000000 -0.700947 0.713213
vn 0.000000 -0.700947 0.713213
vn 0.000000 -0.700947 0.713213
vn 0.000000 -0.700947 0.713213
vn 0.000000 -0.700947 0.713213
vn -0.965926 0.258819 -0.000000
vn -0.965926 0.258819 -0.000000
vn -1.000000 0.000000 -0.000000
vn -1.000000 0.000000 -0.000000
vn -0.965926 -0.258819 0.000000
vn -0.965926 -0.258819 0.000000
vn -0.866025 -0.500000 0.000000
vn -0.866025 -0.500000 0.000000
vn -0.707107 -0.707107 0.000000
vn -0.707107 -0.707107 0.000000
vn -0.500000 -0.866025 0.000000
vn -0.500000 -0.866025 0.000000
vn -0.258819 -0.965926 0.000000
vn -0.258819 -0.965926 0.000000
vn 0.000000 -1.000000 0.000000
vn 0.000000 -1.000000 0.000000
vn 0.258819 -0.965926 0.000000
vn 0.258819 -0.965926 0.000000
vn 0.500000 -0.866025 0.000000
vn 0.500000 -0.866025 0.000000
vn 0.707107 -0.707107 0.000000
vn 0.707107 -0.707107 0.000000
vn 0.866025 -0.500000 0.000000
vn 0.866025 -0.500000 0.000000
vn 0.965926 -0.258819 0.000000
vn 0.965926 -0.258819 0.000000
vn 1.000000 0.000000 -0.000000
vn 1.000000 0.000000 -0.000000
vn 0.965926 0.258819 -0.000000
vn 0.965926 0.258819 -0.000000
vn 0.866025 0.500000 -0.000000
vn 0.866025 0.500000 -0.000000
vn 0.707107 0.707107 -0.000000
vn 0.707107 0.707107 -0.000000
vn 0.500000 0.866025 -0.000000
vn 0.500000 0.866025 -0.000000
vn 0.258819 0.965926 -0.000000
vn 0.258819 0.965926 -0.000000
vn 0.000000 1.000000 -0.000000
vn 0.000000 1.000000 -0.000000
vn -0.258819 0.965926 -0.000000
vn -0.258819 0.965926 -0.000000
vn -0.500000 0.866025 -0.000000
vn -0.500000 0.866025 -0.000000
vn -0.707107 0.707107 -0.000000
vn -0.707107 0.707107 -0.000000
vn -0.866025 0.500000 -0.000000
vn -0.866025 0.500000 -0.000000
vn -0.965926 0.258819 -0.000000
vn -0.965926 0.258819 -0.000000
vn -1.000000 0.000000 -0.000000
vn -1.000000 0.000000 -0.000000
vn -0.965926 -0.258819 0.000000
vn -0.965926 -0.258819 0.000000
vn -0.866025 -0.500000 0.000000
vn -0.866025 -0.500000 0.000000
vn -0.707107 -0.707107 0.000000
vn -0.707107 -0.707107 0.000000
vn -0.500000 -0.866025 0.000000
vn -0.500000 -0.866025 0.000000
vn -0.258819 -0.965926 0.000000
vn -0.258819 -0.965926 0.000000
vn 0.000000 -1.000000 0.000000
vn 0.000000 -1.000000 0.000000
vn 0.258819 -0.965926 0.000000
vn 0.258819 -0.965926 0.000000
vn 0.500000 -0.866025 0.000000
vn 0.500000 -0.866025 0.000000
vn 0.707107 -0.707107 0.000000
vn 0.707107 -0.707107 0.000000
vn 0.866025 -0.500000 0.000000
vn 0.866025 -0.500000 0.000000
vn 0.965926 -0.258819 0.000000
vn 0.965926 -0.258819 0.000000
vn 1.000000 0.000000 -0.000000
vn 1.000000 0.000000 -0.000000
vn 0.965926 0.258819 -0.000000
vn 0.965926 0.258819 -0.000000
vn 0.866025 0.500000 -0.000000
vn 0.866025 0.500000 -0.000000
vn 0.707107 0.707107 -0.000000
vn 0.707107 0.707107 -0.000000
vn 0.500000 0.866025 -0.000000
vn 0.500000 0.866025 -0.000000
vn 0.258819 0.965926 -0.000000
vn 0.258819 0.965926 -0.000000
vn 0.000000 1.000000 -0.000000
vn 0.000000 1.000000 -0.000000
vn -0.258819 0.965926 -0.000000
vn -0.258819 0.965926 -0.000000
vn -0.500000 0.866025 -0.000000
vn -0.500000 0.866025 -0.000000
vn -0.707107 0.707107 -0.000000
vn -0.707107 0.707107 -0.000000
vn -0.866025 0.500000 -0.000000
vn -0.866025 0.500000 -0.000000
usemtl Steel_-_Satin
f 1/1/1 2/2/2 4/3/3
f 4/3/3 2/2/2 3/4/4
f 5/5/5 1/6/6 6/7/7
f 6/7/7 1/6/6 4/8/8
f 2/9/9 7/10/10 3/11/11
f 3/11/11 7/10/10 8/12/12
f 7/13/13 2/14/14 13/15/15
f 13/15/15 2/14/14 12/16/16
f 12/16/16 2/14/14 11/17/17
f 11/17/17 2/14/14 10/18/18
f 10/18/18 2/14/14 1/19/19
f 10/18/18 1/19/19 9/20/20
f 9/20/20 1/19/19 5/21/21
f 6/22/22 4/23/23 20/24/24
f 20/24/24 4/23/23 19/25/25
f 19/25/25 4/23/23 18/26/26
f 18/26/26 4/23/23 3/27/27
f 18/26/26 3/27/27 17/28/28
f 17/28/28 3/27/27 14/29/29
f 17/28/28 14/29/29 16/30/30
f 16/30/30 14/29/29 15/31/31
f 3/27/27 8/32/32 14/29/29
f 8/33/33 7/34/34 14/35/35
f 14/35/35 7/34/34 13/36/36
f 14/35/35 13/36/36 15/37/37
f 15/37/37 13/36/36 33/38/38
f 33/38/38 13/36/36 21/39/39
f 33/38/38 21/39/39 32/40/40
f 32/40/40 21/39/39 22/41/41
f 32/40/40 22/41/41 31/42/42
f 31/42/42 22/41/41 30/43/43
f 30/43/43 22/41/41 23/44/44
f 30/43/43 23/44/44 29/45/45
f 29/45/45 23/44/44 24/46/46
f 29/45/45 24/46/46 28/47/47
f 28/47/47 24/46/46 27/48/48
f 27/48/48 24/46/46 25/49/49
f 27/48/48 25/49/49 26/50/50
f 26/50/50 25/49/49 9/51/51
f 26/50/50 9/51/51 20/52/52
f 20/52/52 9/51/51 6/53/53
f 6/53/53 9/51/51 5/54/54
f 28/55/55 34/56/56 29/57/57
f 29/57/57 34/56/56 35/58/58
f 29/57/57 35/58/58 30/59/59
f 30/59/59 35/58/58 36/60/60
f 30/59/59 36/60/60 31/61/61
f 31/61/61 36/60/60 37/62/62
f 39/63/63 50/64/64 38/65/65
f 38/65/65 50/64/64 16/66/66
f 38/65/65 16/66/66 15/67/67
f 50/64/64 39/63/63 49/68/68
f 49/68/68 39/63/63 40/69/69
f 49/68/68 40/69/69 41/70/70
f 42/71/71 43/72/72 41/70/70
f 41/70/70 43/72/72 46/73/73
f 41/70/70 46/73/73 49/68/68
f 49/68/68 46/73/73 48/74/74
f 48/74/74 46/73/73 47/75/75
f 43/72/72 44/76/76 46/73/73
f 46/73/73 44/76/76 45/77/77
f 50/64/64 51/78/78 16/66/66
f 15/67/67 33/79/79 38/65/65
f 38/65/65 33/79/79 53/80/80
f 53/80/80 33/79/79 32/81/81
f 53/80/80 32/81/81 52/82/82
f 52/82/82 32/81/81 31/83/83
f 52/82/82 31/83/83 37/84/84
f 55/85/85 26/86/86 54/87/87
f 54/87/87 26/86/86 20/88/88
f 54/87/87 20/88/88 19/89/89
f 26/86/86 55/85/85 27/90/90
f 27/90/90 55/85/85 56/91/91
f 27/90/90 56/91/91 28/92/92
f 28/92/92 56/91/91 34/93/93
f 57/94/94 58/95/95 19/89/89
f 19/89/89 58/95/95 54/87/87
f 54/87/87 58/95/95 67/96/96
f 67/96/96 58/95/95 59/97/97
f 67/96/96 59/97/97 66/98/98
f 66/98/98 59/97/97 65/99/99
f 65/99/99 59/97/97 60/100/100
f 65/99/99 60/100/100 63/101/101
f 63/101/101 60/100/100 62/102/102
f 62/102/102 60/100/100 61/103/103
f 63/101/101 64/104/104 65/99/99
f 68/105/105 69/106/106 24/107/107
f 24/107/107 69/106/106 25/108/108
f 25/108/108 69/106/106 10/109/109
f 25/108/108 10/109/109 9/110/110
f 70/111/111 71/112/112 22/113/113
f 22/113/113 71/112/112 23/114/114
f 23/114/114 71/112/112 68/115/115
f 23/114/114 68/115/115 24/116/116
f 12/117/117 72/118/118 13/119/119
f 13/119/119 72/118/118 21/120/120
f 21/120/120 72/118/118 70/121/121
f 21/120/120 70/121/121 22/122/122
f 71/123/123 35/124/124 68/125/125
f 68/125/125 35/124/124 34/126/126
f 68/125/125 34/126/126 56/127/127
f 35/124/124 71/123/123 36/128/128
f 36/128/128 71/123/123 70/129/129
f 36/128/128 70/129/129 37/130/130
f 37/130/130 70/129/129 52/131/131
f 52/131/131 70/129/129 72/132/132
f 52/131/131 72/132/132 53/133/133
f 53/133/133 72/132/132 12/134/134
f 53/133/133 12/134/134 38/135/135
f 38/135/135 12/134/134 74/136/136
f 74/136/136 12/134/134 11/137/137
f 74/136/136 11/137/137 73/138/138
f 73/138/138 11/137/137 10/139/139
f 73/138/138 10/139/139 54/140/140
f 54/140/140 10/139/139 55/141/141
f 55/141/141 10/139/139 69/142/142
f 55/141/141 69/142/142 56/127/127
f 56/127/127 69/142/142 68/125/125
f 19/143/143 18/144/144 57/145/145
f 57/145/145 18/144/144 76/146/146
f 76/146/146 18/144/144 17/147/147
f 76/146/146 17/147/147 75/148/148
f 75/148/148 17/147/147 16/149/149
f 75/148/148 16/149/149 51/150/150
f 78/151/151 76/152/152 77/153/153
f 77/153/153 76/152/152 75/154/154
f 77/153/153 75/154/154 100/155/155
f 100/155/155 75/154/154 99/156/156
f 99/156/156 75/154/154 98/157/157
f 98/157/157 75/154/154 97/158/158
f 97/158/158 75/154/154 119/159/159
f 97/158/158 119/159/159 96/160/160
f 96/160/160 119/159/159 120/161/161
f 96/160/160 120/161/161 95/162/162
f 95/162/162 120/161/161 121/163/163
f 95/162/162 121/163/163 122/164/164
f 78/151/151 79/165/165 76/152/152
f 76/152/152 79/165/165 80/166/166
f 76/152/152 80/166/166 81/167/167
f 81/167/167 82/168/168 76/152/152
f 76/152/152 82/168/168 152/169/169
f 76/152/152 152/169/169 133/170/170
f 133/170/170 152/169/169 132/171/171
f 132/171/171 152/169/169 131/172/172
f 131/172/172 152/169/169 130/173/173
f 130/173/173 152/169/169 129/174/174
f 129/174/174 152/169/169 151/175/175
f 129/174/174 151/175/175 128/176/176
f 128/176/176 151/175/175 127/177/177
f 127/177/177 151/175/175 102/178/178
f 127/177/177 102/178/178 150/179/179
f 150/179/179 102/178/178 149/180/180
f 149/180/180 102/178/178 59/181/181
f 149/180/180 59/181/181 148/182/182
f 148/182/182 59/181/181 147/183/183
f 147/183/183 59/181/181 146/184/184
f 146/184/184 59/181/181 58/185/185
f 146/184/184 58/185/185 145/186/186
f 145/186/186 58/185/185 144/187/187
f 144/187/187 58/185/185 143/188/188
f 143/188/188 58/185/185 57/189/189
f 143/188/188 57/189/189 142/190/190
f 142/190/190 57/189/189 141/191/191
f 141/191/191 57/189/189 76/152/152
f 141/191/191 76/152/152 140/192/192
f 140/192/192 76/152/152 139/193/193
f 139/193/193 76/152/152 138/194/194
f 138/194/194 76/152/152 137/195/195
f 137/195/195 76/152/152 136/196/196
f 136/196/196 76/152/152 135/197/197
f 135/197/197 76/152/152 134/198/198
f 134/198/198 76/152/152 133/170/170
f 82/168/168 83/199/199 152/169/169
f 152/169/169 83/199/199 84/200/200
f 152/169/169 84/200/200 85/201/201
f 152/169/169 85/201/201 151/175/175
f 151/175/175 85/201/201 86/202/202
f 151/175/175 86/202/202 102/178/178
f 102/178/178 86/202/202 87/203/203
f 102/178/178 87/203/203 88/204/204
f 88/204/204 89/205/205 102/178/178
f 102/178/178 89/205/205 101/206/206
f 101/206/206 89/205/205 90/207/207
f 101/206/206 90/207/207 91/208/208
f 91/208/208 92/209/209 101/206/206
f 101/206/206 92/209/209 93/210/210
f 101/206/206 93/210/210 153/211/211
f 153/211/211 93/210/210 94/212/212
f 153/211/211 94/212/212 123/213/213
f 123/213/213 94/212/212 122/164/164
f 122/164/164 94/212/212 95/162/162
f 101/206/206 105/214/214 49/215/215
f 49/215/215 105/214/214 106/216/216
f 49/215/215 106/216/216 107/217/217
f 51/218/218 113/219/219 75/154/154
f 75/154/154 113/219/219 114/220/220
f 75/154/154 114/220/220 115/221/221
f 50/222/222 111/223/223 51/218/218
f 51/218/218 111/223/223 112/224/224
f 51/218/218 112/224/224 113/219/219
f 49/215/215 108/225/225 50/222/222
f 50/222/222 108/225/225 109/226/226
f 50/222/222 109/226/226 110/227/227
f 126/228/228 103/229/229 101/206/206
f 101/206/206 103/229/229 104/230/230
f 101/206/206 104/230/230 105/214/214
f 107/217/217 108/225/225 49/215/215
f 110/227/227 111/223/223 50/222/222
f 115/221/221 116/231/231 75/154/154
f 75/154/154 116/231/231 117/232/232
f 75/154/154 117/232/232 118/233/233
f 118/233/233 119/159/159 75/154/154
f 123/213/213 124/234/234 153/211/211
f 153/211/211 124/234/234 125/235/235
f 153/211/211 125/235/235 126/228/228
f 153/211/211 126/228/228 101/206/206
f 126/236/236 159/237/237 103/238/238
f 103/238/238 159/237/237 160/239/239
f 103/240/238 160/241/239 104/242/240
f 104/242/240 160/241/239 161/243/241
f 104/242/240 161/243/241 105/244/242
f 105/244/242 161/243/241 162/245/243
f 105/244/242 162/245/243 106/246/244
f 106/246/244 162/245/243 163/247/245
f 106/246/244 163/247/245 107/248/246
f 107/248/246 163/247/245 164/249/247
f 107/248/246 164/249/247 108/250/248
f 108/250/248 164/249/247 165/251/249
f 108/250/248 165/251/249 109/252/250
f 109/252/250 165/251/249 166/253/251
f 109/252/250 166/253/251 110/254/252
f 110/254/252 166/253/251 167/255/253
f 110/254/252 167/255/253 111/256/254
f 111/256/254 167/255/253 168/257/255
f 111/256/254 168/257/255 112/258/256
f 112/258/256 168/257/255 169/259/257
f 112/258/256 169/259/257 113/260/258
f 113/260/258 169/259/257 170/261/259
f 113/260/258 170/261/259 114/262/260
f 114/262/260 170/261/259 171/263/261
f 114/262/260 171/263/261 115/264/262
f 115/264/262 171/263/261 172/265/263
f 115/264/262 172/265/263 116/266/264
f 116/266/264 172/265/263 173/267/265
f 116/266/264 173/267/265 117/268/266
f 117/268/266 173/267/265 174/269/267
f 117/268/266 174/269/267 118/270/268
f 118/270/268 174/269/267 175/271/269
f 118/270/268 175/271/269 119/272/270
f 119/272/270 175/271/269 176/273/271
f 119/272/270 176/273/271 120/274/272
f 120/274/272 176/273/271 177/275/273
f 120/274/272 177/275/273 121/276/274
f 121/276/274 177/275/273 154/277/275
f 121/276/274 154/277/275 122/278/276
f 122/278/276 154/277/275 155/279/277
f 122/278/276 155/279/277 123/280/278
f 123/280/278 155/279/277 156/281/279
f 123/280/278 156/281/279 124/282/280
f 124/282/280 156/281/279 157/283/281
f 124/282/280 157/283/281 125/284/282
f 125/284/282 157/283/281 158/285/283
f 125/284/282 158/285/283 126/236/236
f 126/236/236 158/285/283 159/237/237
f 150/286/284 183/287/285 127/288/286
f 127/288/286 183/287/285 184/289/287
f 127/290/286 184/291/287 128/292/288
f 128/292/288 184/291/287 185/293/289
f 128/292/288 185/293/289 129/294/290
f 129/294/290 185/293/289 186/295/291
f 129/294/290 186/295/291 130/296/292
f 130/296/292 186/295/291 187/297/293
f 130/296/292 187/297/293 131/298/294
f 131/298/294 187/297/293 188/299/295
f 131/298/294 188/299/295 132/300/296
f 132/300/296 188/299/295 189/301/297
f 132/300/296 189/301/297 133/302/298
f 133/302/298 189/301/297 190/303/299
f 133/302/298 190/303/299 134/304/300
f 134/304/300 190/303/299 191/305/301
f 134/304/300 191/305/301 135/306/302
f 135/306/302 191/305/301 192/307/303
f 135/306/302 192/307/303 136/308/304
f 136/308/304 192/307/303 193/309/305
f 136/308/304 193/309/305 137/310/306
f 137/310/306 193/309/305 194/311/307
f 137/310/306 194/311/307 138/312/308
f 138/312/308 194/311/307 195/313/309
f 138/312/308 195/313/309 139/314/310
f 139/314/310 195/313/309 196/315/311
f 139/314/310 196/315/311 140/316/312
f 140/316/312 196/315/311 197/317/313
f 140/316/312 197/317/313 141/318/314
f 141/318/314 197/317/313 198/319/315
f 141/318/314 198/319/315 142/320/316
f 142/320/316 198/319/315 199/321/317
f 142/320/316 199/321/317 143/322/318
f 143/322/318 199/321/317 200/323/319
f 143/322/318 200/323/319 144/324/320
f 144/324/320 200/323/319 201/325/321
f 144/324/320 201/325/321 145/326/322
f 145/326/322 201/325/321 178/327/323
f 145/326/322 178/327/323 146/328/324
f 146/328/324 178/327/323 179/329/325
f 146/328/324 179/329/325 147/330/326
f 147/330/326 179/329/325 180/331/327
f 147/330/326 180/331/327 148/332/328
f 148/332/328 180/331/327 181/333/329
f 148/332/328 181/333/329 149/334/330
f 149/334/330 181/333/329 182/335/331
f 149/334/330 182/335/331 150/286/284
f 150/286/284 182/335/331 183/287/285
f 60/336/332 202/337/333 61/338/334
f 61/338/334 202/337/333 203/339/335
f 61/340/336 203/341/337 62/342/338
f 62/342/338 203/341/337 204/343/339
f 102/344/340 249/345/341 59/346/342
f 59/346/342 249/345/341 250/347/343
f 59/346/342 250/347/343 251/348/344
f 101/349/345 259/350/346 102/344/340
f 102/344/340 259/350/346 245/351/347
f 102/344/340 245/351/347 246/352/348
f 49/353/349 226/354/350 101/349/345
f 101/349/345 226/354/350 227/355/351
f 101/349/345 227/355/351 228/356/352
f 48/357/353 219/358/354 49/353/349
f 49/353/349 219/358/354 220/359/355
f 49/353/349 220/359/355 221/360/356
f 205/361/357 214/362/358 48/357/353
f 48/357/353 214/362/358 215/363/359
f 48/357/353 215/363/359 216/364/360
f 206/365/361 257/366/362 205/361/357
f 205/361/357 257/366/362 211/367/363
f 205/361/357 211/367/363 212/368/364
f 257/366/362 206/365/361 256/369/365
f 256/369/365 206/365/361 207/370/366
f 256/369/365 207/370/366 202/371/367
f 60/372/368 236/373/369 202/371/367
f 202/371/367 236/373/369 237/374/370
f 202/371/367 237/374/370 238/375/371
f 59/346/342 232/376/372 60/372/368
f 60/372/368 232/376/372 233/377/373
f 60/372/368 233/377/373 234/378/374
f 231/379/375 208/380/376 258/381/377
f 258/381/377 208/380/376 209/382/378
f 258/381/377 209/382/378 210/383/379
f 258/381/377 210/383/379 257/366/362
f 257/366/362 210/383/379 211/367/363
f 212/368/364 213/384/380 205/361/357
f 205/361/357 213/384/380 214/362/358
f 216/364/360 217/385/381 48/357/353
f 48/357/353 217/385/381 218/386/382
f 48/357/353 218/386/382 219/358/354
f 221/360/356 222/387/383 49/353/349
f 49/353/349 222/387/383 223/388/384
f 49/353/349 223/388/384 224/389/385
f 224/389/385 225/390/386 49/353/349
f 49/353/349 225/390/386 226/354/350
f 228/356/352 229/391/387 101/349/345
f 101/349/345 229/391/387 230/392/388
f 101/349/345 230/392/388 231/379/375
f 101/349/345 231/379/375 258/381/377
f 234/378/374 235/393/389 60/372/368
f 60/372/368 235/393/389 236/373/369
f 238/375/371 239/394/390 202/371/367
f 202/371/367 239/394/390 240/395/391
f 202/371/367 240/395/391 256/369/365
f 256/369/365 240/395/391 241/396/392
f 256/369/365 241/396/392 242/397/393
f 256/369/365 242/397/393 259/350/346
f 259/350/346 242/397/393 243/398/394
f 259/350/346 243/398/394 244/399/395
f 244/399/395 245/351/347 259/350/346
f 246/352/348 247/400/396 102/344/340
f 102/344/340 247/400/396 248/401/397
f 102/344/340 248/401/397 249/345/341
f 251/348/344 252/402/398 59/346/342
f 59/346/342 252/402/398 253/403/399
f 59/346/342 253/403/399 254/404/400
f 254/404/400 255/405/401 59/346/342
f 59/346/342 255/405/401 232/376/372
f 258/381/377 257/366/362 259/350/346
f 259/350/346 257/366/362 256/369/365
f 258/381/377 259/350/346 101/349/345
f 260/406/402 261/407/403 262/408/404
f 46/409/405 260/410/406 47/411/407
f 47/411/407 260/410/406 262/412/408
f 47/413/409 262/414/410 48/415/411
f 48/415/411 262/414/410 205/416/412
f 205/416/412 262/414/410 261/417/413
f 205/416/412 261/417/413 263/418/414
f 263/418/414 264/419/415 205/416/412
f 205/416/412 264/419/415 206/420/416
f 206/420/416 264/419/415 265/421/417
f 206/420/416 265/421/417 207/422/418
f 265/423/419 266/424/420 207/425/421
f 207/425/421 266/424/420 204/426/422
f 207/425/421 204/426/422 203/427/423
f 203/427/423 202/428/424 207/425/421
f 267/429/425 268/430/426 43/431/427
f 43/431/427 268/430/426 44/432/428
f 267/433/429 263/434/430 268/435/431
f 268/435/431 263/434/430 261/436/432
f 268/435/431 261/436/432 269/437/433
f 41/438/434 270/439/435 42/440/436
f 42/440/436 270/439/435 273/441/437
f 273/441/437 270/439/435 271/442/438
f 273/441/437 271/442/438 272/443/439
f 272/443/439 271/442/438 65/444/440
f 272/443/439 65/444/440 64/445/441
f 273/446/442 280/447/443 42/448/444
f 42/448/444 280/447/443 281/449/445
f 42/448/444 281/449/445 282/450/446
f 272/451/447 323/452/448 273/446/442
f 273/446/442 323/452/448 275/453/449
f 273/446/442 275/453/449 276/454/450
f 64/455/451 305/456/452 272/451/447
f 272/451/447 305/456/452 306/457/453
f 272/451/447 306/457/453 307/458/454
f 63/459/455 321/460/456 64/455/451
f 64/455/451 321/460/456 298/461/457
f 64/455/451 298/461/457 299/462/458
f 266/463/459 265/464/460 63/459/455
f 63/459/455 265/464/460 318/465/461
f 63/459/455 318/465/461 319/466/462
f 264/467/463 325/468/464 265/464/460
f 265/464/460 325/468/464 314/469/465
f 265/464/460 314/469/465 315/470/466
f 263/471/467 322/472/468 264/467/463
f 264/467/463 322/472/468 323/452/448
f 264/467/463 323/452/448 324/473/469
f 324/473/469 323/452/448 272/451/447
f 324/473/469 272/451/447 309/474/470
f 309/474/470 272/451/447 308/475/471
f 308/475/471 272/451/447 307/458/454
f 267/476/472 43/477/473 263/471/467
f 263/471/467 43/477/473 290/478/474
f 263/471/467 290/478/474 291/479/475
f 42/448/444 287/480/476 43/477/473
f 43/477/473 287/480/476 288/481/477
f 43/477/473 288/481/477 289/482/478
f 297/483/479 274/484/480 323/452/448
f 323/452/448 274/484/480 275/453/449
f 276/454/450 277/485/481 273/446/442
f 273/446/442 277/485/481 278/486/482
f 273/446/442 278/486/482 279/487/483
f 279/487/483 280/447/443 273/446/442
f 282/450/446 283/488/484 42/448/444
f 42/448/444 283/488/484 284/489/485
f 42/448/444 284/489/485 285/490/486
f 285/490/486 286/491/487 42/448/444
f 42/448/444 286/491/487 287/480/476
f 289/482/478 290/478/474 43/477/473
f 291/479/475 292/492/488 263/471/467
f 263/471/467 292/492/488 293/493/489
f 263/471/467 293/493/489 294/494/490
f 263/471/467 294/494/490 322/472/468
f 322/472/468 294/494/490 295/495/491
f 322/472/468 295/495/491 323/452/448
f 323/452/448 295/495/491 296/496/492
f 323/452/448 296/496/492 297/483/479
f 299/462/458 300/497/493 64/455/451
f 64/455/451 300/497/493 301/498/494
f 64/455/451 301/498/494 302/499/495
f 302/499/495 303/500/496 64/455/451
f 64/455/451 303/500/496 304/501/497
f 64/455/451 304/501/497 305/456/452
f 309/474/470 310/502/498 324/473/469
f 324/473/469 310/502/498 311/503/499
f 324/473/469 311/503/499 312/504/500
f 324/473/469 312/504/500 325/468/464
f 325/468/464 312/504/500 313/505/501
f 325/468/464 313/505/501 314/469/465
f 315/470/466 316/506/502 265/464/460
f 265/464/460 316/506/502 317/507/503
f 265/464/460 317/507/503 318/465/461
f 319/466/462 320/508/504 63/459/455
f 63/459/455 320/508/504 321/460/456
f 325/468/464 264/467/463 324/473/469
f 65/509/505 271/510/506 66/511/507
f 66/511/507 271/510/506 327/512/508
f 327/512/508 271/510/506 270/513/509
f 327/512/508 270/513/509 326/514/510
f 326/514/510 270/513/509 41/515/511
f 326/514/510 41/515/511 40/516/512
f 260/517/513 46/518/514 261/519/515
f 261/519/515 46/518/514 45/520/516
f 261/519/515 45/520/516 269/521/517
f 44/522/518 268/523/519 45/524/520
f 45/524/520 268/523/519 269/525/521
f 189/526/522 328/527/523 190/528/299
f 190/529/299 328/530/523 329/531/524
f 190/529/299 329/531/524 191/532/525
f 191/532/525 329/531/524 330/533/526
f 191/532/525 330/533/526 192/534/527
f 192/534/527 330/533/526 331/535/528
f 192/534/527 331/535/528 193/536/529
f 193/536/529 331/535/528 332/537/530
f 193/536/529 332/537/530 194/538/531
f 194/538/531 332/537/530 333/539/532
f 194/538/531 333/539/532 195/540/533
f 195/540/533 333/539/532 334/541/534
f 195/540/533 334/541/534 196/542/535
f 196/542/535 334/541/534 197/543/536
f 197/543/536 334/541/534 335/544/537
f 197/543/536 335/544/537 198/545/538
f 198/545/538 335/544/537 336/546/539
f 198/545/538 336/546/539 199/547/540
f 199/547/540 336/546/539 337/548/541
f 199/547/540 337/548/541 200/549/542
f 200/549/542 337/548/541 338/550/543
f 200/549/542 338/550/543 201/551/544
f 201/551/544 338/550/543 339/552/545
f 201/551/544 339/552/545 178/553/323
f 178/553/323 339/552/545 340/554/546
f 178/553/323 340/554/546 179/555/547
f 179/555/547 340/554/546 341/556/548
f 179/555/547 341/556/548 180/557/549
f 180/557/549 341/556/548 342/558/550
f 180/557/549 342/558/550 181/559/551
f 181/559/551 342/558/550 343/560/552
f 181/559/551 343/560/552 182/561/553
f 182/561/553 343/560/552 344/562/554
f 182/561/553 344/562/554 183/563/555
f 183/563/555 344/562/554 345/564/556
f 183/563/555 345/564/556 184/565/557
f 184/565/557 345/564/556 346/566/558
f 184/565/557 346/566/558 347/567/559
f 328/527/523 189/526/522 351/568/560
f 351/568/560 189/526/522 188/569/561
f 351/568/560 188/569/561 350/570/562
f 350/570/562 188/569/561 187/571/563
f 350/570/562 187/571/563 349/572/564
f 349/572/564 187/571/563 186/573/565
f 349/572/564 186/573/565 348/574/566
f 348/574/566 186/573/565 185/575/567
f 348/574/566 185/575/567 347/567/559
f 347/567/559 185/575/567 184/565/557
f 165/576/568 352/577/569 166/578/251
f 166/579/251 352/580/569 353/581/570
f 166/579/251 353/581/570 167/582/571
f 167/582/571 353/581/570 354/583/572
f 167/582/571 354/583/572 168/584/573
f 168/584/573 354/583/572 355/585/574
f 168/584/573 355/585/574 169/586/575
f 169/586/575 355/585/574 356/587/576
f 169/586/575 356/587/576 170/588/577
f 170/588/577 356/587/576 357/589/578
f 170/588/577 357/589/578 171/590/579
f 171/590/579 357/589/578 358/591/580
f 171/590/579 358/591/580 172/592/581
f 172/592/581 358/591/580 173/593/582
f 173/593/582 358/591/580 359/594/583
f 173/593/582 359/594/583 174/595/584
f 174/595/584 359/594/583 360/596/585
f 174/595/584 360/596/585 175/597/586
f 175/597/586 360/596/585 361/598/587
f 175/597/586 361/598/587 176/599/588
f 176/599/588 361/598/587 362/600/589
f 176/599/588 362/600/589 177/601/590
f 177/601/590 362/600/589 363/602/591
f 177/601/590 363/602/591 154/603/275
f 154/603/275 363/602/591 364/604/592
f 154/603/275 364/604/592 155/605/593
f 155/605/593 364/604/592 365/606/594
f 155/605/593 365/606/594 156/607/595
f 156/607/595 365/606/594 366/608/596
f 156/607/595 366/608/596 157/609/597
f 157/609/597 366/608/596 367/610/598
f 157/609/597 367/610/598 158/611/599
f 158/611/599 367/610/598 368/612/600
f 158/611/599 368/612/600 159/613/601
f 159/613/601 368/612/600 369/614/602
f 159/613/601 369/614/602 160/615/603
f 160/615/603 369/614/602 370/616/604
f 160/615/603 370/616/604 371/617/605
f 352/577/569 165/576/568 375/618/606
f 375/618/606 165/576/568 164/619/607
f 375/618/606 164/619/607 374/620/608
f 374/620/608 164/619/607 163/621/609
f 374/620/608 163/621/609 373/622/610
f 373/622/610 163/621/609 162/623/611
f 373/622/610 162/623/611 372/624/612
f 372/624/612 162/623/611 161/625/613
f 372/624/612 161/625/613 371/617/605
f 371/617/605 161/625/613 160/615/603
f 100/626/614 381/627/615 77/628/616
f 77/628/616 381/627/615 382/629/617
f 77/630/616 382/631/617 78/632/618
f 78/632/618 382/631/617 383/633/619
f 78/632/618 383/633/619 79/634/620
f 79/634/620 383/633/619 384/635/621
f 79/634/620 384/635/621 80/636/622
f 80/636/622 384/635/621 385/637/623
f 80/636/622 385/637/623 81/638/624
f 81/638/624 385/637/623 386/639/625
f 81/638/624 386/639/625 82/640/626
f 82/640/626 386/639/625 387/641/627
f 82/640/626 387/641/627 83/642/628
f 83/642/628 387/641/627 388/643/629
f 83/642/628 388/643/629 84/644/630
f 84/644/630 388/643/629 389/645/631
f 84/644/630 389/645/631 85/646/632
f 85/646/632 389/645/631 390/647/633
f 85/646/632 390/647/633 86/648/634
f 86/648/634 390/647/633 391/649/635
f 86/648/634 391/649/635 87/650/636
f 87/650/636 391/649/635 392/651/637
f 87/650/636 392/651/637 88/652/638
f 88/652/638 392/651/637 393/653/639
f 88/652/638 393/653/639 89/654/640
f 89/654/640 393/653/639 394/655/641
f 89/654/640 394/655/641 90/656/642
f 90/656/642 394/655/641 395/657/643
f 90/656/642 395/657/643 91/658/644
f 91/658/644 395/657/643 396/659/645
f 91/658/644 396/659/645 92/660/646
f 92/660/646 396/659/645 397/661/647
f 92/660/646 397/661/647 93/662/648
f 93/662/648 397/661/647 398/663/649
f 93/662/648 398/663/649 94/664/650
f 94/664/650 398/663/649 399/665/651
f 94/664/650 399/665/651 95/666/652
f 95/666/652 399/665/651 376/667/653
f 95/666/652 376/667/653 96/668/654
f 96/668/654 376/667/653 377/669/655
f 96/668/654 377/669/655 97/670/656
f 97/670/656 377/669/655 378/671/657
f 97/670/656 378/671/657 98/672/658
f 98/672/658 378/671/657 379/673/659
f 98/672/658 379/673/659 99/674/660
f 99/674/660 379/673/659 380/675/661
f 99/674/660 380/675/661 100/626/614
f 100/626/614 380/675/661 381/627/615
f 266/676/662 63/677/663 204/678/664
f 204/678/664 63/677/663 62/679/665
f 387/680/666 423/681/667 388/682/629
f 388/682/629 423/681/667 400/683/668
f 388/684/629 400/685/668 389/686/669
f 389/686/669 400/685/668 401/687/670
f 389/686/669 401/687/670 390/688/671
f 390/688/671 401/687/670 402/689/672
f 390/688/671 402/689/672 391/690/673
f 391/690/673 402/689/672 403/691/674
f 391/690/673 403/691/674 392/692/675
f 392/692/675 403/691/674 404/693/676
f 392/692/675 404/693/676 393/694/677
f 393/694/677 404/693/676 405/695/678
f 393/694/677 405/695/678 394/696/679
f 394/696/679 405/695/678 406/697/680
f 394/696/679 406/697/680 407/698/681
f 423/681/667 387/680/666 422/699/682
f 422/699/682 387/680/666 386/700/683
f 422/699/682 386/700/683 421/701/684
f 421/701/684 386/700/683 385/702/685
f 421/701/684 385/702/685 420/703/686
f 420/703/686 385/702/685 384/704/687
f 420/703/686 384/704/687 419/705/688
f 419/705/688 384/704/687 383/706/689
f 419/705/688 383/706/689 418/707/690
f 418/707/690 383/706/689 382/708/691
f 418/707/690 382/708/691 381/709/692
f 418/707/690 381/709/692 417/710/693
f 417/710/693 381/709/692 380/711/694
f 417/710/693 380/711/694 416/712/695
f 416/712/695 380/711/694 379/713/696
f 416/712/695 379/713/696 415/714/697
f 415/714/697 379/713/696 378/715/698
f 415/714/697 378/715/698 414/716/699
f 414/716/699 378/715/698 377/717/700
f 414/716/699 377/717/700 413/718/701
f 413/718/701 377/717/700 376/719/653
f 413/718/701 376/719/653 412/720/702
f 412/720/702 376/719/653 399/721/703
f 412/720/702 399/721/703 411/722/704
f 411/722/704 399/721/703 398/723/705
f 411/722/704 398/723/705 410/724/706
f 410/724/706 398/723/705 397/725/707
f 410/724/706 397/725/707 409/726/708
f 409/726/708 397/725/707 396/727/709
f 409/726/708 396/727/709 408/728/710
f 408/728/710 396/727/709 395/729/711
f 408/728/710 395/729/711 407/698/681
f 407/698/681 395/729/711 394/696/679
f 329/730/712 328/731/713 424/732/714
f 424/732/714 328/731/713 351/733/715
f 424/732/714 351/733/715 350/734/716
f 349/735/717 425/736/718 350/734/716
f 350/734/716 425/736/718 401/737/719
f 350/734/716 401/737/719 424/732/714
f 424/732/714 401/737/719 400/738/720
f 424/732/714 400/738/720 423/739/721
f 349/735/717 348/740/722 425/736/718
f 425/736/718 348/740/722 347/741/723
f 425/736/718 347/741/723 426/742/724
f 426/742/724 347/741/723 346/743/725
f 426/742/724 346/743/725 345/744/726
f 345/744/726 344/745/727 426/742/724
f 426/742/724 344/745/727 66/746/728
f 426/742/724 66/746/728 327/747/729
f 344/745/727 343/748/730 66/746/728
f 66/746/728 343/748/730 67/749/731
f 67/749/731 343/748/730 342/750/732
f 67/749/731 342/750/732 341/751/733
f 341/751/733 340/752/734 67/749/731
f 67/749/731 340/752/734 339/753/735
f 67/749/731 339/753/735 338/754/736
f 338/754/736 337/755/737 67/749/731
f 67/749/731 337/755/737 54/756/738
f 54/756/738 337/755/737 336/757/739
f 54/756/738 336/757/739 335/758/740
f 54/756/738 335/758/740 73/759/741
f 73/759/741 335/758/740 334/760/742
f 73/759/741 334/760/742 333/761/743
f 333/761/743 332/762/744 73/759/741
f 73/759/741 332/762/744 331/763/745
f 73/759/741 331/763/745 330/764/746
f 330/764/746 329/730/712 73/759/741
f 73/759/741 329/730/712 424/732/714
f 73/759/741 424/732/714 422/765/747
f 422/765/747 424/732/714 423/739/721
f 353/766/748 352/767/749 39/768/750
f 39/768/750 352/767/749 375/769/751
f 39/768/750 375/769/751 374/770/752
f 374/770/752 373/771/753 39/768/750
f 39/768/750 373/771/753 40/772/754
f 40/772/754 373/771/753 372/773/755
f 40/772/754 372/773/755 326/774/756
f 326/774/756 372/773/755 371/775/757
f 326/774/756 371/775/757 370/776/758
f 326/774/756 370/776/758 427/777/759
f 427/777/759 370/776/758 369/778/760
f 427/777/759 369/778/760 368/779/761
f 368/779/761 367/780/762 427/777/759
f 427/777/759 367/780/762 366/781/763
f 427/777/759 366/781/763 411/782/764
f 411/782/764 366/781/763 365/783/765
f 411/782/764 365/783/765 412/784/766
f 412/784/766 365/783/765 364/785/767
f 412/784/766 364/785/767 363/786/768
f 412/784/766 363/786/768 413/787/769
f 413/787/769 363/786/768 362/788/770
f 413/787/769 362/788/770 414/789/771
f 414/789/771 362/788/770 415/790/772
f 415/790/772 362/788/770 74/791/773
f 415/790/772 74/791/773 416/792/774
f 416/792/774 74/791/773 417/793/775
f 417/793/775 74/791/773 418/794/776
f 418/794/776 74/791/773 73/759/741
f 418/794/776 73/759/741 419/795/777
f 419/795/777 73/759/741 420/796/778
f 420/796/778 73/759/741 421/797/779
f 421/797/779 73/759/741 422/765/747
f 362/788/770 361/798/780 74/791/773
f 74/791/773 361/798/780 360/799/781
f 74/791/773 360/799/781 359/800/782
f 359/800/782 358/801/783 74/791/773
f 74/791/773 358/801/783 357/802/784
f 74/791/773 357/802/784 356/803/785
f 74/791/773 356/803/785 38/804/786
f 38/804/786 356/803/785 355/805/787
f 38/804/786 355/805/787 39/768/750
f 39/768/750 355/805/787 354/806/788
f 39/768/750 354/806/788 353/766/748
f 411/782/764 410/807/789 427/777/759
f 427/777/759 410/807/789 409/808/790
f 427/777/759 409/808/790 326/774/756
f 326/774/756 409/808/790 408/809/791
f 326/774/756 408/809/791 407/810/792
f 407/810/792 406/811/793 326/774/756
f 326/774/756 406/811/793 327/747/729
f 327/747/729 406/811/793 405/812/794
f 327/747/729 405/812/794 426/742/724
f 426/742/724 405/812/794 404/813/795
f 426/742/724 404/813/795 403/814/796
f 426/742/724 403/814/796 425/736/718
f 425/736/718 403/814/796 402/815/797
f 425/736/718 402/815/797 401/737/719
f 231/816/798 275/817/799 208/818/800
f 208/818/800 275/817/799 274/819/801
f 208/820/800 274/821/801 209/822/802
f 209/822/802 274/821/801 297/823/803
f 209/822/802 297/823/803 210/824/804
f 210/824/804 297/823/803 296/825/805
f 210/824/804 296/825/805 211/826/806
f 211/826/806 296/825/805 295/827/807
f 211/826/806 295/827/807 212/828/808
f 212/828/808 295/827/807 294/829/809
f 212/828/808 294/829/809 213/830/810
f 213/830/810 294/829/809 293/831/811
f 213/830/810 293/831/811 214/832/812
f 214/832/812 293/831/811 292/833/813
f 214/832/812 292/833/813 215/834/814
f 215/834/814 292/833/813 291/835/815
f 215/834/814 291/835/815 216/836/816
f 216/836/816 291/835/815 290/837/817
f 216/836/816 290/837/817 217/838/818
f 217/838/818 290/837/817 289/839/819
f 217/838/818 289/839/819 218/840/820
f 218/840/820 289/839/819 288/841/821
f 218/840/820 288/841/821 219/842/822
f 219/842/822 288/841/821 287/843/823
f 219/842/822 287/843/823 220/844/824
f 220/844/824 287/843/823 286/845/825
f 220/844/824 286/845/825 221/846/826
f 221/846/826 286/845/825 285/847/827
f 221/846/826 285/847/827 222/848/828
f 222/848/828 285/847/827 284/849/829
f 222/848/828 284/849/829 223/850/830
f 223/850/830 284/849/829 283/851/831
f 223/850/830 283/851/831 224/852/832
f 224/852/832 283/851/831 282/853/833
f 224/852/832 282/853/833 225/854/834
f 225/854/834 282/853/833 281/855/835
f 225/854/834 281/855/835 226/856/836
f 226/856/836 281/855/835 280/857/837
f 226/856/836 280/857/837 227/858/838
f 227/858/838 280/857/837 279/859/839
f 227/858/838 279/859/839 228/860/840
f 228/860/840 279/859/839 278/861/841
f 228/860/840 278/861/841 229/862/842
f 229/862/842 278/861/841 277/863/843
f 229/862/842 277/863/843 230/864/844
f 230/864/844 277/863/843 276/865/845
f 230/864/844 276/865/845 231/816/798
f 231/816/798 276/865/845 275/817/799
f 255/866/846 299/867/847 232/868/848
f 232/868/848 299/867/847 298/869/849
f 232/870/848 298/871/849 233/872/850
f 233/872/850 298/871/849 321/873/851
f 233/872/850 321/873/851 234/874/852
f 234/874/852 321/873/851 320/875/853
f 234/874/852 320/875/853 235/876/854
f 235/876/854 320/875/853 319/877/855
f 235/876/854 319/877/855 236/878/856
f 236/878/856 319/877/855 318/879/857
f 236/878/856 318/879/857 237/880/858
f 237/880/858 318/879/857 317/881/859
f 237/880/858 317/881/859 238/882/860
f 238/882/860 317/881/859 316/883/861
f 238/882/860 316/883/861 239/884/862
f 239/884/862 316/883/861 315/885/863
f 239/884/862 315/885/863 240/886/864
f 240/886/864 315/885/863 314/887/865
f 240/886/864 314/887/865 241/888/866
f 241/888/866 314/887/865 313/889/867
f 241/888/866 313/889/867 242/890/868
f 242/890/868 313/889/867 312/891/869
f 242/890/868 312/891/869 243/892/870
f 243/892/870 312/891/869 311/893/871
f 243/892/870 311/893/871 244/894/872
f 244/894/872 311/893/871 310/895/873
f 244/894/872 310/895/873 245/896/874
f 245/896/874 310/895/873 309/897/875
f 245/896/874 309/897/875 246/898/876
f 246/898/876 309/897/875 308/899/877
f 246/898/876 308/899/877 247/900/878
f 247/900/878 308/899/877 307/901/879
f 247/900/878 307/901/879 248/902/880
f 248/902/880 307/901/879 306/903/881
f 248/902/880 306/903/881 249/904/882
f 249/904/882 306/903/881 305/905/883
f 249/904/882 305/905/883 250/906/884
f 250/906/884 305/905/883 304/907/885
f 250/906/884 304/907/885 251/908/886
f 251/908/886 304/907/885 303/909/887
f 251/908/886 303/909/887 252/910/888
f 252/910/888 303/909/887 302/911/889
f 252/910/888 302/911/889 253/912/890
f 253/912/890 302/911/889 301/913/891
f 253/912/890 301/913/891 254/914/892
f 254/914/892 301/913/891 300/915/893
f 254/914/892 300/915/893 255/866/846
f 255/866/846 300/915/893 299/867/847
# 427 vertices
# 915 texture params
# 893 normals
# 874 facets

# 1 groups
