# WaveFront *.obj file (generated by Autodesk ATF)

mtllib gps 21.3 cu sma ingrosat vfinal.mtl

g Body1

v -22.800000 -71.531637 -11.999450
v -22.800000 -71.531637 -5.949450
v -22.800000 -71.531637 0.100550
v -22.800000 -63.531637 0.100550
v -22.800000 -55.531637 0.100550
v -22.800000 -47.531637 0.100550
v -22.800000 -47.531637 -7.899450
v -22.800000 -55.031637 -7.899450
v -22.800000 -58.031637 -10.399450
v -22.800000 -62.031637 -10.399450
v -22.800000 -62.095655 -10.476272
v -22.800000 -65.067842 -7.999450
v -22.800000 -66.263037 -7.999450
v -22.800000 -68.849360 -9.503049
v -22.800000 -68.849360 -14.877592
v -22.800000 -68.825920 -15.877317
v -22.800000 -69.681637 -15.897381
v -22.800000 -69.681637 -15.899450
v -22.800000 -77.856637 -15.899450
v -22.800000 -77.856637 -15.605970
v -22.800000 -85.764372 -23.500579
v -22.800000 -85.869939 -23.394837
v -22.800000 -85.869939 -23.399450
v -22.800000 -88.031637 -23.399450
v -22.800000 -88.031637 -22.899450
v -22.800000 -88.452205 -22.471522
v -22.800000 -83.150741 -17.261238
v -22.800000 -77.849277 -12.050954
v -22.800000 -77.787196 -12.114122
v -22.800000 -77.787196 -11.999450
v -22.800000 -58.031637 -7.899450
v -22.800000 -62.031637 -7.899450
v -22.800000 -62.031637 -9.398718
v -22.800000 -58.031637 -9.398718
v 2.800000 -77.787196 -12.114122
v 2.800000 -77.849277 -12.050954
v 2.800000 -83.150741 -17.261238
v 2.800000 -88.452205 -22.471522
v 2.800000 -88.031637 -22.899450
v 2.800000 -88.031637 -23.399450
v 2.800000 -85.869939 -23.399450
v 2.800000 -85.869939 -23.394837
v 2.800000 -85.764372 -23.500579
v 2.800000 -77.856637 -15.605970
v 2.800000 -77.856637 -15.899450
v 2.800000 -69.781637 -15.899450
v 2.800000 -69.781637 -15.900000
v 2.800000 -68.849224 -15.900000
v 2.800000 -68.849224 -9.500000
v 2.800000 -66.273429 -7.999450
v 2.800000 -65.067842 -7.999450
v 2.800000 -62.095655 -10.476272
v 2.800000 -62.031637 -10.399450
v 2.800000 -58.031637 -10.399450
v 2.800000 -55.031637 -7.899450
v 2.800000 -47.531637 -7.899450
v 2.800000 -47.531637 0.100550
v 2.800000 -55.531637 0.100550
v 2.800000 -63.531637 0.100550
v 2.800000 -71.531637 0.100550
v 2.800000 -71.531637 -5.949450
v 2.800000 -71.531637 -11.999450
v 2.800000 -77.787196 -11.999450
v 2.800000 -62.031637 -7.899450
v 2.800000 -58.031637 -7.899450
v 2.800000 -58.031637 -9.399450
v 2.800000 -62.031637 -9.399450
v 2.800000 -69.169743 -11.700015
v -14.266667 -77.787196 -12.114122
v -5.733333 -77.787196 -12.114122
v -5.733333 -77.787196 -11.999450
v -14.266667 -77.787196 -11.999450
v -5.733333 -71.531637 -11.999450
v -14.266667 -71.531637 -11.999450
v -18.400000 -74.531637 -11.999450
v -18.454519 -74.945747 -11.999450
v -18.614359 -75.331637 -11.999450
v -18.868629 -75.663008 -11.999450
v -19.200000 -75.917278 -11.999450
v -19.585890 -76.077118 -11.999450
v -20.000000 -76.131637 -11.999450
v -20.414110 -76.077118 -11.999450
v -20.800000 -75.917278 -11.999450
v -21.131371 -75.663008 -11.999450
v -21.385641 -75.331637 -11.999450
v -21.545481 -74.945747 -11.999450
v -21.600000 -74.531637 -11.999450
v -21.545481 -74.117527 -11.999450
v -21.385641 -73.731637 -11.999450
v -21.131371 -73.400266 -11.999450
v -20.800000 -73.145996 -11.999450
v -20.414110 -72.986156 -11.999450
v -20.000000 -72.931637 -11.999450
v -19.585890 -72.986156 -11.999450
v -19.200000 -73.145996 -11.999450
v -18.868629 -73.400266 -11.999450
v -18.614359 -73.731637 -11.999450
v -18.454519 -74.117527 -11.999450
v 1.600000 -74.531637 -11.999450
v 1.545481 -74.945747 -11.999450
v 1.385641 -75.331637 -11.999450
v 1.131371 -75.663008 -11.999450
v 0.800000 -75.917278 -11.999450
v 0.414110 -76.077118 -11.999450
v -0.000000 -76.131637 -11.999450
v -0.414110 -76.077118 -11.999450
v -0.800000 -75.917278 -11.999450
v -1.131371 -75.663008 -11.999450
v -1.385641 -75.331637 -11.999450
v -1.545481 -74.945747 -11.999450
v -1.600000 -74.531637 -11.999450
v -1.545481 -74.117527 -11.999450
v -1.385641 -73.731637 -11.999450
v -1.131371 -73.400266 -11.999450
v -0.800000 -73.145996 -11.999450
v -0.414110 -72.986156 -11.999450
v -0.000000 -72.931637 -11.999450
v 0.414110 -72.986156 -11.999450
v 0.800000 -73.145996 -11.999450
v 1.131371 -73.400266 -11.999450
v 1.385641 -73.731637 -11.999450
v 1.545481 -74.117527 -11.999450
v -5.733333 -72.931637 -11.999450
v -14.266667 -72.931637 -11.999450
v -5.733333 -71.531637 0.100550
v -14.266667 -71.531637 0.100550
v -14.266667 -77.849277 -12.050954
v -5.733333 -77.849277 -12.050954
v -20.750000 -69.681637 -15.897381
v -20.750000 -69.681637 -12.899450
v -10.050000 -69.681637 -12.899450
v 0.650000 -69.681637 -12.899450
v 0.650000 -69.681637 -15.899450
v -7.166667 -69.681637 -15.899450
v -14.983333 -69.681637 -15.899450
v -20.750000 -68.825920 -15.877317
v -20.750000 -68.849360 -14.877592
v 0.650000 -69.781637 -15.899450
v 0.650000 -69.781637 -15.900000
v 0.650000 -68.849224 -15.900000
v -20.750000 -70.681637 -12.899450
v -10.050000 -70.681637 -12.899450
v 0.650000 -70.681637 -12.899450
v -20.750000 -65.067842 -7.999450
v -20.750000 -62.095655 -10.476272
v -20.750000 -62.031637 -10.399450
v -20.750000 -66.263037 -7.999450
v 0.650000 -62.031637 -10.399450
v 0.650000 -62.095655 -10.476272
v 0.650000 -65.067842 -7.999450
v 0.650000 -70.681637 -6.399450
v 0.650000 -70.681637 0.100550
v 0.650000 -59.981637 0.100550
v 0.650000 -49.281637 0.100550
v 0.650000 -49.281637 -7.899450
v 0.650000 -55.031637 -7.899450
v 0.650000 -58.031637 -10.399450
v 0.650000 -66.273429 -7.999450
v 0.650000 -68.849224 -9.500000
v 0.650000 -62.031637 -7.899450
v 0.650000 -62.031637 -9.399450
v 0.650000 -58.031637 -9.399450
v 0.650000 -58.031637 -7.899450
v -20.750000 -68.849360 -9.503049
v -4.000000 -80.639830 -18.384543
v -3.585890 -80.678414 -18.423063
v -3.200000 -80.791535 -18.535997
v -2.868629 -80.971486 -18.715649
v -2.614359 -81.206002 -18.949776
v -2.454519 -81.479102 -19.222423
v -2.400000 -81.772175 -19.515009
v -2.454519 -82.065247 -19.807595
v -2.614359 -82.338347 -20.080241
v -2.868629 -82.572864 -20.314368
v -3.200000 -82.752815 -20.494020
v -3.585890 -82.865936 -20.606954
v -4.000000 -82.904520 -20.645474
v -4.414111 -82.865936 -20.606954
v -4.800000 -82.752815 -20.494020
v -5.131371 -82.572864 -20.314368
v -5.385641 -82.338347 -20.080241
v -5.545481 -82.065247 -19.807595
v -5.600000 -81.772175 -19.515009
v -5.545481 -81.479102 -19.222423
v -5.385641 -81.206002 -18.949776
v -5.131371 -80.971486 -18.715649
v -4.800000 -80.791535 -18.535997
v -4.414111 -80.678414 -18.423063
v -5.600000 -83.576217 -17.679396
v -5.545481 -83.871566 -17.969666
v -5.385641 -84.146788 -18.240154
v -5.131371 -84.383126 -18.472427
v -4.800000 -84.564474 -18.650657
v -4.414111 -84.678475 -18.762696
v -4.000000 -84.717358 -18.800911
v -3.585890 -84.678475 -18.762696
v -3.200000 -84.564474 -18.650657
v -2.868629 -84.383126 -18.472427
v -2.614359 -84.146788 -18.240154
v -2.454519 -83.871566 -17.969666
v -2.400000 -83.576217 -17.679396
v -2.454519 -83.280868 -17.389127
v -2.614359 -83.005646 -17.118639
v -2.868629 -82.769308 -16.886365
v -3.200000 -82.587959 -16.708136
v -3.585890 -82.473959 -16.596096
v -4.000000 -82.435075 -16.557881
v -4.414111 -82.473959 -16.596096
v -4.800000 -82.587959 -16.708136
v -5.131371 -82.769308 -16.886365
v -5.385641 -83.005646 -17.118639
v -5.545481 -83.280868 -17.389127
v -16.000000 -80.534094 -18.278983
v -15.585890 -80.572678 -18.317503
v -15.200000 -80.685800 -18.430437
v -14.868629 -80.865750 -18.610089
v -14.614359 -81.100267 -18.844216
v -14.454519 -81.373367 -19.116862
v -14.400000 -81.666439 -19.409448
v -14.454519 -81.959512 -19.702034
v -14.614359 -82.232612 -19.974681
v -14.868629 -82.467128 -20.208808
v -15.200000 -82.647079 -20.388460
v -15.585890 -82.760201 -20.501394
v -16.000000 -82.798784 -20.539914
v -16.414110 -82.760201 -20.501394
v -16.800000 -82.647079 -20.388460
v -17.131371 -82.467128 -20.208808
v -17.385641 -82.232612 -19.974681
v -17.545481 -81.959512 -19.702034
v -17.600000 -81.666439 -19.409448
v -17.545481 -81.373367 -19.116862
v -17.385641 -81.100267 -18.844216
v -17.131371 -80.865750 -18.610089
v -16.800000 -80.685800 -18.430437
v -16.414110 -80.572678 -18.317503
v -17.600000 -83.469660 -17.574672
v -17.545481 -83.765009 -17.864941
v -17.385641 -84.040230 -18.135429
v -17.131371 -84.276569 -18.367702
v -16.800000 -84.457917 -18.545932
v -16.414110 -84.571918 -18.657972
v -16.000000 -84.610801 -18.696187
v -15.585890 -84.571918 -18.657972
v -15.200000 -84.457917 -18.545932
v -14.868629 -84.276569 -18.367702
v -14.614359 -84.040230 -18.135429
v -14.454519 -83.765009 -17.864941
v -14.400000 -83.469660 -17.574672
v -14.454519 -83.174310 -17.284402
v -14.614359 -82.899089 -17.013914
v -14.868629 -82.662751 -16.781641
v -15.200000 -82.481402 -16.603411
v -15.585890 -82.367401 -16.491371
v -16.000000 -82.328518 -16.453157
v -16.414110 -82.367401 -16.491371
v -16.800000 -82.481402 -16.603411
v -17.131371 -82.662751 -16.781641
v -17.385641 -82.899089 -17.013914
v -17.545481 -83.174310 -17.284402
v -10.050000 -49.281637 0.100550
v -20.750000 -49.281637 0.100550
v -20.750000 -49.281637 -7.899450
v -10.000000 -49.281637 -7.899450
v -10.000000 -49.281637 -3.000000
v 0.000000 -49.281637 -3.000000
v 0.000000 -49.281637 -7.899450
v -20.750000 -70.681637 -6.399450
v -20.750000 -70.681637 0.100550
v -10.050000 -70.681637 0.100550
v -10.050000 -70.681637 -6.399450
v -20.750000 -58.031637 -10.399450
v -20.750000 -55.031637 -7.899450
v -20.750000 -59.981637 0.100550
v -20.750000 -58.031637 -7.899450
v -20.750000 -58.031637 -9.398718
v -20.750000 -62.031637 -9.398718
v -20.750000 -62.031637 -7.899450
v -10.000000 -47.531637 -3.000000
v 0.000000 -47.531637 -3.000000
v 0.000000 -47.531637 -7.899450
v -10.000000 -47.531637 -7.899450
v -16.400000 -47.531637 -7.899450
v -14.266667 -47.531637 0.100550
v -5.733333 -47.531637 0.100550
v -10.000000 -84.023008 -21.762105
v -10.867044 -83.942223 -21.681454
v -11.675000 -83.705374 -21.444999
v -12.368808 -83.328602 -21.068853
v -12.901185 -82.837584 -20.578649
v -13.235852 -82.265781 -20.007795
v -13.350000 -81.652160 -19.395193
v -13.235852 -81.038540 -18.782591
v -12.901185 -80.466736 -18.211737
v -12.368808 -79.975718 -17.721534
v -11.675000 -79.598946 -17.345387
v -10.867044 -79.362097 -17.108932
v -10.000000 -79.281313 -17.028281
v -9.132956 -79.362097 -17.108932
v -8.325000 -79.598946 -17.345387
v -7.631192 -79.975718 -17.721534
v -7.098815 -80.466736 -18.211737
v -6.764148 -81.038540 -18.782591
v -6.650000 -81.652160 -19.395193
v -6.764148 -82.265781 -20.007795
v -7.098815 -82.837584 -20.578649
v -7.631192 -83.328602 -21.068853
v -8.325000 -83.705374 -21.444999
v -9.132956 -83.942223 -21.681454
v -13.350000 -82.358679 -18.687499
v -13.235852 -82.972300 -19.300101
v -12.901185 -83.544103 -19.870955
v -12.368808 -84.035122 -20.361159
v -11.675000 -84.411893 -20.737305
v -10.867044 -84.648742 -20.973761
v -10.000000 -84.729527 -21.054411
v -9.132956 -84.648742 -20.973761
v -8.325000 -84.411893 -20.737305
v -7.631192 -84.035122 -20.361159
v -7.098815 -83.544103 -19.870955
v -6.764148 -82.972300 -19.300101
v -6.650000 -82.358679 -18.687499
v -6.764148 -81.745059 -18.074897
v -7.098815 -81.173256 -17.504043
v -7.631192 -80.682237 -17.013840
v -8.325000 -80.305465 -16.637693
v -9.132956 -80.068616 -16.401238
v -10.000000 -79.987832 -16.320587
v -10.867044 -80.068616 -16.401238
v -11.675000 -80.305465 -16.637693
v -12.368808 -80.682237 -17.013840
v -12.901185 -81.173256 -17.504043
v -13.235852 -81.745059 -18.074897
v -5.733333 -85.869939 -23.394837
v -14.266667 -85.869939 -23.394837
v -14.266667 -85.764372 -23.500579
v -5.733333 -85.764372 -23.500579
v -14.266667 -77.856637 -15.605970
v -5.733333 -77.856637 -15.605970
v -5.733333 -78.806421 -16.554178
v -5.733333 -80.543009 -18.287883
v -14.266667 -80.496417 -18.241369
v -14.266667 -77.856637 -15.899450
v -5.733333 -77.856637 -15.899450
v -18.400000 -74.531637 -15.899450
v -18.454519 -74.117527 -15.899450
v -18.614359 -73.731637 -15.899450
v -18.868629 -73.400266 -15.899450
v -19.200000 -73.145996 -15.899450
v -19.585890 -72.986156 -15.899450
v -20.000000 -72.931637 -15.899450
v -20.414110 -72.986156 -15.899450
v -20.800000 -73.145996 -15.899450
v -21.131371 -73.400266 -15.899450
v -21.385641 -73.731637 -15.899450
v -21.545481 -74.117527 -15.899450
v -21.600000 -74.531637 -15.899450
v -21.545481 -74.945747 -15.899450
v -21.385641 -75.331637 -15.899450
v -21.131371 -75.663008 -15.899450
v -20.800000 -75.917278 -15.899450
v -20.414110 -76.077118 -15.899450
v -20.000000 -76.131637 -15.899450
v -19.585890 -76.077118 -15.899450
v -19.200000 -75.917278 -15.899450
v -18.868629 -75.663008 -15.899450
v -18.614359 -75.331637 -15.899450
v -18.454519 -74.945747 -15.899450
v 1.600000 -74.531637 -15.899450
v 1.545481 -74.117527 -15.899450
v 1.385641 -73.731637 -15.899450
v 1.131371 -73.400266 -15.899450
v 0.800000 -73.145996 -15.899450
v 0.414110 -72.986156 -15.899450
v -0.000000 -72.931637 -15.899450
v -0.414110 -72.986156 -15.899450
v -0.800000 -73.145996 -15.899450
v -1.131371 -73.400266 -15.899450
v -1.385641 -73.731637 -15.899450
v -1.545481 -74.117527 -15.899450
v -1.600000 -74.531637 -15.899450
v -1.545481 -74.945747 -15.899450
v -1.385641 -75.331637 -15.899450
v -1.131371 -75.663008 -15.899450
v -0.800000 -75.917278 -15.899450
v -0.414110 -76.077118 -15.899450
v -0.000000 -76.131637 -15.899450
v 0.414110 -76.077118 -15.899450
v 0.800000 -75.917278 -15.899450
v 1.131371 -75.663008 -15.899450
v 1.385641 -75.331637 -15.899450
v 1.545481 -74.945747 -15.899450
v -14.266667 -72.931637 -15.899450
v -5.733333 -72.931637 -15.899450
v -14.266667 -72.139532 -15.899450
v -5.733333 -70.960584 -15.899450
v -6.650000 -83.460863 -17.566027
v -6.764148 -82.842476 -16.958275
v -7.098815 -82.266231 -16.391941
v -7.631192 -81.771398 -15.905618
v -8.325000 -81.391699 -15.532450
v -9.132956 -81.153011 -15.297867
v -10.000000 -81.071598 -15.217855
v -10.867044 -81.153011 -15.297867
v -11.675000 -81.391699 -15.532450
v -12.368808 -81.771398 -15.905618
v -12.901185 -82.266231 -16.391941
v -13.235852 -82.842476 -16.958275
v -13.350000 -83.460863 -17.566027
v -13.235852 -84.079251 -18.173778
v -12.901185 -84.655496 -18.740113
v -12.368808 -85.150329 -19.226435
v -11.675000 -85.530028 -19.599603
v -10.867044 -85.768716 -19.834187
v -10.000000 -85.850129 -19.914199
v -9.132956 -85.768716 -19.834187
v -8.325000 -85.530028 -19.599603
v -7.631192 -85.150329 -19.226435
v -7.098815 -84.655496 -18.740113
v -6.764148 -84.079251 -18.173778
v -5.733333 -85.869939 -23.399450
v -14.266667 -85.869939 -23.399450
v -5.733333 -88.031637 -22.899450
v -14.266667 -88.031637 -22.899450
v -14.266667 -88.031637 -23.399450
v -5.733333 -88.031637 -23.399450
v -14.266667 -88.452205 -22.471522
v -5.733333 -88.452205 -22.471522
v -14.266667 -79.997491 -14.162221
v -14.266667 -83.170499 -17.280657
v -5.733333 -83.150741 -17.261238
v -5.733333 -82.340632 -16.465062
v -14.266667 -82.293678 -16.418915
vt -6.050000 1.000000 0.000000
vt -9.603599 3.682277 0.000000
vt -12.100000 1.000000 0.000000
vt -14.978141 3.682277 0.000000
vt -15.997930 2.850000 0.000000
vt -15.977867 3.705717 0.000000
vt 0.000000 1.000000 0.000000
vt -0.000000 9.000000 0.000000
vt -8.100000 6.268600 0.000000
vt -0.000000 17.000000 0.000000
vt -8.000000 14.500000 0.000000
vt -8.000000 10.500000 0.000000
vt -8.100000 7.463795 0.000000
vt -9.499268 10.500000 0.000000
vt -10.576822 10.435982 0.000000
vt -10.500000 10.500000 0.000000
vt -9.499268 14.500000 0.000000
vt -10.500000 14.500000 0.000000
vt -8.000000 17.500000 0.000000
vt -0.000000 25.000000 0.000000
vt -8.000000 25.000000 0.000000
vt -16.000000 2.850000 0.000000
vt -16.000000 -5.325000 0.000000
vt -15.706520 -5.325000 0.000000
vt -23.601129 -13.232735 0.000000
vt -17.361788 -10.619104 0.000000
vt -12.151504 -5.317640 0.000000
vt -12.214672 -5.255559 0.000000
vt -23.495386 -13.338302 0.000000
vt -22.572072 -15.920568 0.000000
vt -23.000000 -15.500000 0.000000
vt -23.500000 -15.500000 0.000000
vt -23.500000 -13.338302 0.000000
vt -12.100000 -5.255559 0.000000
vt 12.151504 -30.317640 0.000000
vt 15.706520 -30.325000 0.000000
vt 12.214672 -30.255559 0.000000
vt 12.100000 -24.000000 0.000000
vt 12.100000 -30.255559 0.000000
vt 17.361788 -35.619104 0.000000
vt 23.601129 -38.232735 0.000000
vt 23.495386 -38.338302 0.000000
vt 22.572072 -40.920568 0.000000
vt 23.000000 -40.500000 0.000000
vt 23.500000 -40.500000 0.000000
vt 23.500000 -38.338302 0.000000
vt 16.000000 -30.325000 0.000000
vt 16.000000 -22.250000 0.000000
vt 11.800564 -21.638106 0.000000
vt 16.000550 -21.317587 0.000000
vt 9.600550 -21.317587 0.000000
vt 16.000550 -22.250000 0.000000
vt 8.100000 -18.741792 0.000000
vt 6.050000 -24.000000 0.000000
vt -0.000000 -16.000000 0.000000
vt 8.100000 -17.536205 0.000000
vt 8.000000 -14.500000 0.000000
vt 9.500000 -14.500000 0.000000
vt 10.576822 -14.564018 0.000000
vt 10.500000 -14.500000 0.000000
vt 9.500000 -10.500000 0.000000
vt 10.500000 -10.500000 0.000000
vt 8.000000 -7.500000 0.000000
vt 8.000000 0.000000 0.000000
vt 0.000000 0.000000 0.000000
vt -0.000000 -8.000000 0.000000
vt 8.000000 -10.500000 0.000000
vt -0.000000 -24.000000 0.000000
vt -0.300000 0.285328 0.000000
vt 8.233333 0.285328 0.000000
vt -0.300000 0.400000 0.000000
vt 8.233333 0.400000 0.000000
vt 16.766667 0.285328 0.000000
vt 16.766667 0.400000 0.000000
vt 25.300000 0.285328 0.000000
vt 25.300000 0.400000 0.000000
vt 3.391667 6.130559 0.000000
vt 8.710890 4.420481 0.000000
vt 11.925000 6.130559 0.000000
vt 9.125000 4.475000 0.000000
vt 9.539110 4.420481 0.000000
vt -5.141667 6.130559 0.000000
vt 3.391667 1.275000 0.000000
vt 7.579519 3.289110 0.000000
vt 7.739359 3.675000 0.000000
vt -13.675000 6.130559 0.000000
vt -10.460890 4.420481 0.000000
vt -10.075000 4.260641 0.000000
vt -9.743629 4.006371 0.000000
vt -13.675000 -0.125000 0.000000
vt -12.475000 2.875000 0.000000
vt -12.420481 3.289110 0.000000
vt -12.260641 3.675000 0.000000
vt -5.141667 -0.125000 0.000000
vt -10.460890 1.329519 0.000000
vt -10.875000 1.275000 0.000000
vt -11.289110 1.329519 0.000000
vt 3.391667 -0.125000 0.000000
vt -5.141667 1.275000 0.000000
vt -9.743629 1.743629 0.000000
vt -10.075000 1.489359 0.000000
vt 11.925000 -0.125000 0.000000
vt 8.710890 1.329519 0.000000
vt 8.325000 1.489359 0.000000
vt 7.993629 1.743629 0.000000
vt 10.725000 2.875000 0.000000
vt 10.670481 2.460890 0.000000
vt 10.510641 2.075000 0.000000
vt 7.579519 2.460890 0.000000
vt 7.525000 2.875000 0.000000
vt 7.993629 4.006371 0.000000
vt 8.325000 4.260641 0.000000
vt 9.925000 4.260641 0.000000
vt 10.256371 4.006371 0.000000
vt 10.510641 3.675000 0.000000
vt 10.670481 3.289110 0.000000
vt 10.256371 1.743629 0.000000
vt 9.925000 1.489359 0.000000
vt 9.539110 1.329519 0.000000
vt 9.125000 1.275000 0.000000
vt 7.739359 2.075000 0.000000
vt -12.006371 4.006371 0.000000
vt -11.675000 4.260641 0.000000
vt -11.289110 4.420481 0.000000
vt -10.875000 4.475000 0.000000
vt -9.489359 3.675000 0.000000
vt -9.329519 3.289110 0.000000
vt -9.275000 2.875000 0.000000
vt -9.329519 2.460890 0.000000
vt -9.489359 2.075000 0.000000
vt -11.675000 1.489359 0.000000
vt -12.006371 1.743629 0.000000
vt -12.260641 2.075000 0.000000
vt -12.420481 2.460890 0.000000
vt 12.100000 -25.300000 0.000000
vt 12.100000 -16.766667 0.000000
vt 6.050000 -25.300000 0.000000
vt -0.000000 -16.766667 0.000000
vt -0.000000 -25.300000 0.000000
vt -0.000000 -8.233333 0.000000
vt 12.100000 -8.233333 0.000000
vt 6.050000 0.300000 0.000000
vt 12.100000 0.300000 0.000000
vt -0.000000 0.300000 0.000000
vt 0.300000 -0.511432 0.000000
vt -8.233333 -0.511432 0.000000
vt 0.300000 -0.600000 0.000000
vt -8.233333 -0.600000 0.000000
vt -16.766667 -0.511432 0.000000
vt -16.766667 -0.600000 0.000000
vt -25.300000 -0.511432 0.000000
vt -25.300000 -0.600000 0.000000
vt -7.997930 -23.550000 0.000000
vt -7.997930 -21.500000 0.000000
vt -8.000000 -23.550000 0.000000
vt -8.000000 -15.733333 0.000000
vt -5.000000 -21.500000 0.000000
vt -5.000000 -10.800000 0.000000
vt -8.000000 -7.916667 0.000000
vt -5.000000 -0.100000 0.000000
vt -8.000000 -0.100000 0.000000
vt -1.750000 0.076581 0.000000
vt 0.300000 0.076581 0.000000
vt -1.750000 0.932533 0.000000
vt 0.300000 0.932533 0.000000
vt -0.300000 0.000000 0.000000
vt 1.750000 0.000000 0.000000
vt -0.300000 1.000000 0.000000
vt 1.750000 1.000000 0.000000
vt -0.300000 0.999450 0.000000
vt 1.850000 0.999450 0.000000
vt -0.300000 1.000000 0.000000
vt 1.850000 1.000000 0.000000
vt -0.300000 -0.932413 0.000000
vt 1.850000 -0.932413 0.000000
vt -0.300000 0.000000 0.000000
vt 1.850000 0.000000 0.000000
vt 9.875000 -0.975000 0.000000
vt -0.825000 -0.975000 0.000000
vt 9.875000 -1.975000 0.000000
vt -0.825000 -1.975000 0.000000
vt -11.525000 -0.975000 0.000000
vt -11.525000 -1.975000 0.000000
vt -1.750000 0.036205 0.000000
vt 0.300000 0.036205 0.000000
vt -1.750000 3.905125 0.000000
vt 0.300000 3.905125 0.000000
vt -0.300000 -0.000000 0.000000
vt 1.750000 0.000000 0.000000
vt -0.300000 0.100000 0.000000
vt 1.750000 0.100000 0.000000
vt 12.800000 -5.036205 0.000000
vt 10.750000 -5.036205 0.000000
vt 12.800000 -6.231400 0.000000
vt 10.750000 -6.231400 0.000000
vt 0.000000 -0.000000 0.000000
vt 2.150000 -0.000000 0.000000
vt 0.000000 0.100000 0.000000
vt 2.150000 0.100000 0.000000
vt -0.300000 -3.868920 0.000000
vt 1.850000 -3.868920 0.000000
vt -0.300000 0.000000 0.000000
vt 1.850000 0.000000 0.000000
vt -13.000000 0.100000 0.000000
vt -9.600550 1.932413 0.000000
vt -13.000000 1.100000 0.000000
vt -16.000550 1.932413 0.000000
vt -16.000000 1.100000 0.000000
vt -16.000550 1.000000 0.000000
vt -16.000000 1.000000 0.000000
vt -6.500000 0.100000 0.000000
vt -8.100000 4.508208 0.000000
vt 0.000000 0.100000 0.000000
vt -8.100000 5.713795 0.000000
vt -0.000000 10.800000 0.000000
vt -8.000000 8.750000 0.000000
vt -8.000000 12.750000 0.000000
vt -8.000000 15.750000 0.000000
vt -9.500000 12.750000 0.000000
vt -10.500000 12.750000 0.000000
vt -10.500000 8.750000 0.000000
vt -0.000000 21.500000 0.000000
vt -8.000000 21.500000 0.000000
vt -9.500000 8.750000 0.000000
vt -10.576822 8.685982 0.000000
vt -10.650000 -5.036205 0.000000
vt -12.800000 -5.036205 0.000000
vt -10.650000 -6.241792 0.000000
vt -12.800000 -6.241792 0.000000
vt 2.050000 2.991635 0.000000
vt 0.000000 2.991635 0.000000
vt 2.050000 0.000000 0.000000
vt -0.000000 0.000000 0.000000
vt 1.850000 2.981002 0.000000
vt -0.300000 2.981002 0.000000
vt 1.850000 0.000000 0.000000
vt -0.300000 0.000000 0.000000
vt 2.561599 -2.094395 0.000000
vt 0.000000 -2.094395 0.000000
vt 2.561172 -2.513274 0.000000
vt 0.000000 -2.513274 0.000000
vt 0.000000 -2.932153 0.000000
vt 0.000000 -1.675516 0.000000
vt 2.562853 -1.675516 0.000000
vt 0.000000 -1.256637 0.000000
vt 2.564847 -1.256637 0.000000
vt 0.000000 -0.837758 0.000000
vt 2.567446 -0.837758 0.000000
vt 0.000000 -0.418879 0.000000
vt 2.570473 -0.418879 0.000000
vt 0.000000 -0.000000 0.000000
vt 2.573721 -0.000000 0.000000
vt 0.000000 0.418879 0.000000
vt 2.576969 0.418879 0.000000
vt 0.000000 0.837758 0.000000
vt 2.579996 0.837758 0.000000
vt 0.000000 1.256637 0.000000
vt 2.582595 1.256637 0.000000
vt 0.000000 1.675516 0.000000
vt 2.584589 1.675516 0.000000
vt 0.000000 2.094395 0.000000
vt 2.585843 2.094395 0.000000
vt 0.000000 2.513274 0.000000
vt 2.586271 2.513274 0.000000
vt 2.585843 2.932153 0.000000
vt 0.000000 2.932153 0.000000
vt 2.584589 3.351032 0.000000
vt 0.000000 3.351032 0.000000
vt 2.582595 3.769911 0.000000
vt 0.000000 3.769911 0.000000
vt 2.579996 4.188790 0.000000
vt 0.000000 4.188790 0.000000
vt 2.576969 4.607669 0.000000
vt 0.000000 4.607669 0.000000
vt 2.573721 5.026548 0.000000
vt 0.000000 5.026548 0.000000
vt 0.000000 -5.026548 0.000000
vt 2.573721 -5.026548 0.000000
vt 2.570473 -4.607669 0.000000
vt 0.000000 -4.607669 0.000000
vt 2.567446 -4.188790 0.000000
vt 0.000000 -4.188790 0.000000
vt 2.564847 -3.769911 0.000000
vt 0.000000 -3.769911 0.000000
vt 2.562853 -3.351032 0.000000
vt 0.000000 -3.351032 0.000000
vt 2.561599 -2.932153 0.000000
vt 2.560428 -2.094395 0.000000
vt 0.000000 -2.094395 0.000000
vt 2.560000 -2.513274 0.000000
vt 0.000000 -2.513274 0.000000
vt 0.000000 -2.932153 0.000000
vt 0.000000 -1.675516 0.000000
vt 2.561681 -1.675516 0.000000
vt 0.000000 -1.256637 0.000000
vt 2.563676 -1.256637 0.000000
vt 0.000000 -0.837758 0.000000
vt 2.566275 -0.837758 0.000000
vt 0.000000 -0.418879 0.000000
vt 2.569301 -0.418879 0.000000
vt 0.000000 -0.000000 0.000000
vt 2.572549 0.000000 0.000000
vt 0.000000 0.418879 0.000000
vt 2.575797 0.418879 0.000000
vt 0.000000 0.837758 0.000000
vt 2.578824 0.837758 0.000000
vt 0.000000 1.256637 0.000000
vt 2.581423 1.256637 0.000000
vt 0.000000 1.675516 0.000000
vt 2.583417 1.675516 0.000000
vt 0.000000 2.094395 0.000000
vt 2.584671 2.094395 0.000000
vt 0.000000 2.513274 0.000000
vt 2.585099 2.513274 0.000000
vt 2.584671 2.932153 0.000000
vt 0.000000 2.932153 0.000000
vt 2.583417 3.351032 0.000000
vt 0.000000 3.351032 0.000000
vt 2.581423 3.769911 0.000000
vt 0.000000 3.769911 0.000000
vt 2.578824 4.188790 0.000000
vt 0.000000 4.188790 0.000000
vt 2.575797 4.607669 0.000000
vt 0.000000 4.607669 0.000000
vt 2.572549 5.026548 0.000000
vt 0.000000 5.026548 0.000000
vt 0.000000 -5.026548 0.000000
vt 2.572549 -5.026548 0.000000
vt 2.569301 -4.607669 0.000000
vt 0.000000 -4.607669 0.000000
vt 2.566275 -4.188790 0.000000
vt 0.000000 -4.188790 0.000000
vt 2.563676 -3.769911 0.000000
vt 0.000000 -3.769911 0.000000
vt 2.561681 -3.351032 0.000000
vt 0.000000 -3.351032 0.000000
vt 2.560428 -2.932153 0.000000
vt 0.750000 8.000000 0.000000
vt 0.100000 8.000000 0.000000
vt 0.750000 3.100550 0.000000
vt 0.100000 0.000000 0.000000
vt 10.800000 0.000000 0.000000
vt 10.750000 3.100550 0.000000
vt 21.500000 0.000000 0.000000
vt 21.500000 8.000000 0.000000
vt 10.750000 8.000000 0.000000
vt 0.000000 21.400000 0.000000
vt -6.500000 21.400000 0.000000
vt 0.000000 10.700000 0.000000
vt -6.500000 10.700000 0.000000
vt 0.000000 0.000000 0.000000
vt -6.500000 -0.000000 0.000000
vt -13.000000 10.700000 0.000000
vt -13.000000 0.000000 0.000000
vt -13.000000 21.400000 0.000000
vt -1.100000 7.997930 0.000000
vt -1.932277 6.978141 0.000000
vt -1.100000 5.000000 0.000000
vt -1.932277 1.603599 0.000000
vt -0.100000 5.000000 0.000000
vt -0.100000 -1.500000 0.000000
vt -4.518600 0.100000 0.000000
vt -10.800000 -8.000000 0.000000
vt -5.713795 0.100000 0.000000
vt -8.750000 0.000000 0.000000
vt -8.750000 1.499268 0.000000
vt -8.685982 2.576822 0.000000
vt -8.750000 2.500000 0.000000
vt -1.955717 7.977867 0.000000
vt -12.750000 1.499268 0.000000
vt -12.750000 2.500000 0.000000
vt -15.750000 -0.000000 0.000000
vt -21.500000 -0.000000 0.000000
vt -21.500000 -8.000000 0.000000
vt -12.750000 -0.000000 0.000000
vt -0.100000 -8.000000 0.000000
vt -1.000000 -1.750000 0.000000
vt 9.000000 -1.750000 0.000000
vt -1.000000 0.000000 0.000000
vt 9.000000 0.000000 0.000000
vt -5.000000 0.000000 0.000000
vt -0.100550 -0.000000 0.000000
vt -5.000000 1.750000 0.000000
vt -0.100550 1.750000 0.000000
vt 10.000000 -10.750000 0.000000
vt 10.000000 -12.500000 0.000000
vt 10.650000 -10.750000 0.000000
vt 12.800000 -12.500000 0.000000
vt 12.800000 -5.000000 0.000000
vt 10.650000 -5.000000 0.000000
vt 22.500000 8.000000 0.000000
vt 22.500000 3.100550 0.000000
vt 25.300000 8.000000 0.000000
vt 25.300000 0.000000 0.000000
vt 16.766667 0.000000 0.000000
vt 12.500000 3.100550 0.000000
vt 8.233333 0.000000 0.000000
vt 6.100000 8.000000 0.000000
vt -0.300000 -0.000000 0.000000
vt -0.300000 8.000000 0.000000
vt 12.500000 8.000000 0.000000
vt -1.000000 1.750000 0.000000
vt -5.899450 1.750000 0.000000
vt -1.000000 0.000000 0.000000
vt -5.899450 0.000000 0.000000
vt -0.000000 -12.500000 0.000000
vt -0.000000 -10.750000 0.000000
vt -6.400000 -12.500000 0.000000
vt -10.750000 -10.750000 0.000000
vt -12.800000 -12.500000 0.000000
vt -12.800000 -5.000000 0.000000
vt -10.750000 -5.000000 0.000000
vt 1.000000 -9.647307 0.000000
vt 0.000000 -9.647307 0.000000
vt 1.000000 -10.524335 0.000000
vt -0.000000 -10.524335 0.000000
vt 1.000000 10.524335 0.000000
vt -0.000000 10.524335 0.000000
vt 1.000000 9.647307 0.000000
vt 0.000000 9.647307 0.000000
vt 1.000000 8.770279 0.000000
vt 0.000000 8.770279 0.000000
vt 1.000000 7.893252 0.000000
vt -0.000000 7.893252 0.000000
vt 1.000000 7.016224 0.000000
vt 0.000000 7.016224 0.000000
vt 1.000000 6.139196 0.000000
vt -0.000000 6.139196 0.000000
vt 1.000000 5.262168 0.000000
vt -0.000000 5.262168 0.000000
vt 1.000000 4.385140 0.000000
vt 0.000000 4.385140 0.000000
vt 1.000000 3.508112 0.000000
vt -0.000000 3.508112 0.000000
vt 1.000000 2.631084 0.000000
vt 0.000000 2.631084 0.000000
vt 1.000000 1.754056 0.000000
vt -0.000000 1.754056 0.000000
vt 1.000000 0.877028 0.000000
vt -0.000000 0.877028 0.000000
vt 1.000000 0.000000 0.000000
vt 0.000000 0.000000 0.000000
vt 1.000000 -0.877028 0.000000
vt -0.000000 -0.877028 0.000000
vt 1.000000 -1.754056 0.000000
vt -0.000000 -1.754056 0.000000
vt 1.000000 -2.631084 0.000000
vt 0.000000 -2.631084 0.000000
vt 1.000000 -3.508112 0.000000
vt -0.000000 -3.508112 0.000000
vt 1.000000 -4.385140 0.000000
vt 0.000000 -4.385140 0.000000
vt 1.000000 -5.262168 0.000000
vt -0.000000 -5.262168 0.000000
vt 1.000000 -6.139196 0.000000
vt -0.000000 -6.139196 0.000000
vt 1.000000 -7.016224 0.000000
vt 0.000000 -7.016224 0.000000
vt 1.000000 -7.893252 0.000000
vt -0.000000 -7.893252 0.000000
vt 1.000000 -8.770279 0.000000
vt 0.000000 -8.770279 0.000000
vt -0.300000 0.850582 0.000000
vt 8.233333 0.850582 0.000000
vt -0.300000 1.000000 0.000000
vt 8.233333 1.000000 0.000000
vt 16.766667 0.850582 0.000000
vt 16.766667 1.000000 0.000000
vt 25.300000 0.850582 0.000000
vt 25.300000 1.000000 0.000000
vt -6.085890 4.486454 0.000000
vt -6.500000 4.431934 0.000000
vt -8.233333 1.841253 0.000000
vt -6.914111 4.486454 0.000000
vt -7.300000 4.646299 0.000000
vt -8.233333 4.295122 0.000000
vt -7.631371 4.900577 0.000000
vt -7.885641 5.231958 0.000000
vt -8.045481 5.617860 0.000000
vt -8.100000 6.031983 0.000000
vt -8.233333 11.673118 0.000000
vt -8.045481 6.446106 0.000000
vt -7.885641 6.832007 0.000000
vt -7.631371 7.163388 0.000000
vt -7.300000 7.417666 0.000000
vt -6.914111 7.577512 0.000000
vt -6.500000 7.632032 0.000000
vt -6.085890 7.577512 0.000000
vt -5.700000 7.417666 0.000000
vt 0.300000 11.673118 0.000000
vt -5.368629 7.163388 0.000000
vt -5.114359 6.832007 0.000000
vt -4.954519 6.446106 0.000000
vt -4.900000 6.031983 0.000000
vt 0.300000 0.499170 0.000000
vt -4.954519 5.617860 0.000000
vt -5.114359 5.231958 0.000000
vt -5.368629 4.900577 0.000000
vt -5.700000 4.646299 0.000000
vt -8.233333 0.499170 0.000000
vt -18.085890 4.337045 0.000000
vt -18.500000 4.282525 0.000000
vt -16.766667 0.499170 0.000000
vt -18.914110 4.337045 0.000000
vt -19.300000 4.496891 0.000000
vt -25.300000 0.499170 0.000000
vt -19.631371 4.751168 0.000000
vt -19.885641 5.082549 0.000000
vt -20.045481 5.468451 0.000000
vt -20.100000 5.882574 0.000000
vt -25.300000 11.673118 0.000000
vt -20.045481 6.296697 0.000000
vt -19.885641 6.682598 0.000000
vt -19.631371 7.013979 0.000000
vt -19.300000 7.268257 0.000000
vt -16.766667 11.673118 0.000000
vt -18.914110 7.428103 0.000000
vt -18.500000 7.482623 0.000000
vt -18.085890 7.428103 0.000000
vt -17.700000 7.268257 0.000000
vt -17.368629 7.013979 0.000000
vt -17.114359 6.682598 0.000000
vt -16.954519 6.296697 0.000000
vt -16.900000 5.882574 0.000000
vt -16.766667 4.229286 0.000000
vt -16.954519 5.468451 0.000000
vt -17.114359 5.082549 0.000000
vt -17.368629 4.751168 0.000000
vt -17.700000 4.496891 0.000000
vt -12.500000 2.512294 0.000000
vt -13.367044 2.626446 0.000000
vt -14.175000 2.961123 0.000000
vt -12.500000 9.212500 0.000000
vt -11.632956 9.098348 0.000000
vt -10.825000 8.763671 0.000000
vt -10.131192 8.231278 0.000000
vt -9.598815 7.537449 0.000000
vt -9.264148 6.729467 0.000000
vt -9.150000 5.862397 0.000000
vt -9.264148 4.995327 0.000000
vt -9.598815 4.187345 0.000000
vt -10.131192 3.493516 0.000000
vt -10.825000 2.961123 0.000000
vt -11.632956 2.626446 0.000000
vt -14.868808 3.493516 0.000000
vt -15.401185 4.187345 0.000000
vt -15.735852 4.995327 0.000000
vt -15.850000 5.862397 0.000000
vt -15.735852 6.729467 0.000000
vt -15.401185 7.537449 0.000000
vt -14.868808 8.231278 0.000000
vt -14.175000 8.763671 0.000000
vt -13.367044 9.098348 0.000000
vt -0.300000 0.706520 0.000000
vt 8.233333 0.706520 0.000000
vt -0.300000 1.000000 0.000000
vt 8.233333 1.000000 0.000000
vt 16.766667 0.706520 0.000000
vt 16.766667 1.000000 0.000000
vt 25.300000 0.706520 0.000000
vt 25.300000 1.000000 0.000000
vt -7.579519 3.289110 0.000000
vt -7.525000 2.875000 0.000000
vt -3.391667 1.275000 0.000000
vt -7.579519 2.460890 0.000000
vt -7.739359 2.075000 0.000000
vt -3.391667 0.482895 0.000000
vt -7.993629 1.743629 0.000000
vt -4.108333 -1.975000 0.000000
vt -8.325000 1.489359 0.000000
vt -8.710890 1.329519 0.000000
vt -11.925000 -1.975000 0.000000
vt -9.125000 1.275000 0.000000
vt -9.539110 1.329519 0.000000
vt -9.925000 1.489359 0.000000
vt -10.256371 1.743629 0.000000
vt -10.510641 2.075000 0.000000
vt -10.670481 2.460890 0.000000
vt -10.725000 2.875000 0.000000
vt -11.925000 6.200000 0.000000
vt -10.670481 3.289110 0.000000
vt -10.510641 3.675000 0.000000
vt -10.256371 4.006371 0.000000
vt -9.925000 4.260641 0.000000
vt -9.539110 4.420481 0.000000
vt -9.125000 4.475000 0.000000
vt -8.710890 4.420481 0.000000
vt -3.391667 6.200000 0.000000
vt -8.325000 4.260641 0.000000
vt -7.993629 4.006371 0.000000
vt -7.739359 3.675000 0.000000
vt 12.420481 2.460890 0.000000
vt 13.675000 -1.875000 0.000000
vt 12.475000 2.875000 0.000000
vt 13.675000 6.200000 0.000000
vt 12.420481 3.289110 0.000000
vt 12.260641 3.675000 0.000000
vt 12.006371 4.006371 0.000000
vt 11.675000 4.260641 0.000000
vt 11.289110 4.420481 0.000000
vt 10.875000 4.475000 0.000000
vt 10.460890 4.420481 0.000000
vt 5.141667 6.200000 0.000000
vt 10.075000 4.260641 0.000000
vt 9.743629 4.006371 0.000000
vt 9.489359 3.675000 0.000000
vt 9.329519 3.289110 0.000000
vt 5.141667 1.275000 0.000000
vt 9.275000 2.875000 0.000000
vt 9.329519 2.460890 0.000000
vt 9.489359 2.075000 0.000000
vt 9.743629 1.743629 0.000000
vt 5.141667 -0.696053 0.000000
vt 10.075000 1.489359 0.000000
vt 11.525000 -1.875000 0.000000
vt 10.460890 1.329519 0.000000
vt 10.875000 1.275000 0.000000
vt 11.289110 1.329519 0.000000
vt 11.675000 1.489359 0.000000
vt 12.006371 1.743629 0.000000
vt 12.260641 2.075000 0.000000
vt 3.708333 -1.975000 0.000000
vt 11.525000 -1.975000 0.000000
vt 5.374543 1.750000 0.000000
vt 0.000000 1.750000 0.000000
vt 5.374543 -0.300000 0.000000
vt 0.000000 -0.300000 0.000000
vt -0.100000 0.000000 0.000000
vt 2.050000 0.000000 0.000000
vt -0.100000 6.400000 0.000000
vt 2.050000 6.400000 0.000000
vt -12.800000 -4.500000 0.000000
vt -12.800000 -12.500000 0.000000
vt -10.650000 -10.750000 0.000000
vt -4.266667 -12.500000 0.000000
vt 0.050000 -10.750000 0.000000
vt 4.266667 -12.500000 0.000000
vt 10.750000 -10.750000 0.000000
vt 12.800000 -12.500000 0.000000
vt 12.800000 -4.500000 0.000000
vt 10.750000 -0.050000 0.000000
vt 12.800000 3.500000 0.000000
vt 10.750000 10.650000 0.000000
vt 12.800000 11.500000 0.000000
vt 4.266667 11.500000 0.000000
vt 0.050000 10.650000 0.000000
vt -4.266667 11.500000 0.000000
vt -10.650000 10.650000 0.000000
vt -12.800000 11.500000 0.000000
vt -12.800000 3.500000 0.000000
vt -10.650000 -0.050000 0.000000
vt 1.579222 -9.647307 0.000000
vt -0.000000 -9.647307 0.000000
vt 1.572422 -10.524335 0.000000
vt 0.000000 -10.524335 0.000000
vt 1.572422 10.524335 0.000000
vt 0.000000 10.524335 0.000000
vt 1.565621 9.647307 0.000000
vt 0.000000 9.647307 0.000000
vt 1.559284 8.770279 0.000000
vt -0.000000 8.770279 0.000000
vt 1.553842 7.893252 0.000000
vt 0.000000 7.893252 0.000000
vt 1.549667 7.016224 0.000000
vt 0.000000 7.016224 0.000000
vt 1.547042 6.139196 0.000000
vt 0.000000 6.139196 0.000000
vt 1.546147 5.262168 0.000000
vt 0.000000 5.262168 0.000000
vt 0.000000 4.385140 0.000000
vt 0.000000 -8.770279 0.000000
vt 1.585559 -8.770279 0.000000
vt -0.000000 -7.893252 0.000000
vt 1.591001 -7.893252 0.000000
vt -0.000000 -7.016224 0.000000
vt 1.595177 -7.016224 0.000000
vt -0.000000 -6.139196 0.000000
vt 1.597802 -6.139196 0.000000
vt 0.000000 -5.262168 0.000000
vt 1.598697 -5.262168 0.000000
vt 1.597802 -4.385140 0.000000
vt -0.000000 -4.385140 0.000000
vt 1.595177 -3.508112 0.000000
vt -0.000000 -3.508112 0.000000
vt 1.591001 -2.631084 0.000000
vt -0.000000 -2.631084 0.000000
vt 1.585559 -1.754056 0.000000
vt 0.000000 -1.754056 0.000000
vt 1.579222 -0.877028 0.000000
vt -0.000000 -0.877028 0.000000
vt 1.572422 -0.000000 0.000000
vt 0.000000 0.000000 0.000000
vt 1.565621 0.877028 0.000000
vt 0.000000 0.877028 0.000000
vt 1.559284 1.754056 0.000000
vt -0.000000 1.754056 0.000000
vt 1.553842 2.631084 0.000000
vt 0.000000 2.631084 0.000000
vt 1.549667 3.508112 0.000000
vt 0.000000 3.508112 0.000000
vt 1.547042 4.385140 0.000000
vt -0.300000 0.495386 0.000000
vt 8.233333 0.495386 0.000000
vt -0.300000 0.500000 0.000000
vt 8.233333 0.500000 0.000000
vt 16.766667 0.495386 0.000000
vt 16.766667 0.500000 0.000000
vt 25.300000 0.495386 0.000000
vt 25.300000 0.500000 0.000000
vt -0.300000 -0.000000 0.000000
vt 8.233333 0.000000 0.000000
vt -0.300000 0.500000 0.000000
vt 8.233333 0.500000 0.000000
vt 16.766667 0.000000 0.000000
vt 16.766667 0.500000 0.000000
vt 25.300000 0.000000 0.000000
vt 25.300000 0.500000 0.000000
vt 0.300000 2.161698 0.000000
vt -8.233333 2.161698 0.000000
vt 0.300000 0.000000 0.000000
vt -8.233333 0.000000 0.000000
vt -16.766667 2.161698 0.000000
vt -16.766667 0.000000 0.000000
vt -25.300000 2.161698 0.000000
vt -25.300000 0.000000 0.000000
vt 8.045481 -6.422536 0.000000
vt 8.100000 -6.836647 0.000000
vt 8.233333 -7.433208 0.000000
vt 8.045481 -7.250757 0.000000
vt 7.885641 -7.636647 0.000000
vt 8.233333 -8.569066 0.000000
vt 7.631371 -7.968017 0.000000
vt 7.300000 -8.222287 0.000000
vt 6.914111 -8.382128 0.000000
vt 6.500000 -8.436647 0.000000
vt 8.233333 -14.866416 0.000000
vt 6.085890 -8.382128 0.000000
vt -0.300000 -14.866416 0.000000
vt 5.700000 -8.222287 0.000000
vt 5.368629 -7.968017 0.000000
vt -0.300000 -7.433208 0.000000
vt 5.114359 -7.636647 0.000000
vt 4.954519 -7.250757 0.000000
vt 4.900000 -6.836647 0.000000
vt 4.954519 -6.422536 0.000000
vt 5.114359 -6.036647 0.000000
vt -0.300000 -0.000000 0.000000
vt 5.368629 -5.705276 0.000000
vt 5.700000 -5.451006 0.000000
vt 6.085890 -5.291165 0.000000
vt 8.233333 0.000000 0.000000
vt 6.500000 -5.236647 0.000000
vt 6.914111 -5.291165 0.000000
vt 7.300000 -5.451006 0.000000
vt 7.631371 -5.705276 0.000000
vt 7.885641 -6.036647 0.000000
vt 9.598815 -5.323384 0.000000
vt 9.264148 -6.131340 0.000000
vt 9.150000 -6.998384 0.000000
vt 9.264148 -7.865428 0.000000
vt 9.598815 -8.673384 0.000000
vt 10.131192 -9.367192 0.000000
vt 10.825000 -9.899569 0.000000
vt 11.632956 -10.234235 0.000000
vt 12.500000 -10.348384 0.000000
vt 16.766667 -14.866416 0.000000
vt 13.367044 -10.234235 0.000000
vt 16.766667 -11.854395 0.000000
vt 14.175000 -9.899569 0.000000
vt 14.868808 -9.367192 0.000000
vt 16.766667 -8.634901 0.000000
vt 15.401185 -8.673384 0.000000
vt 15.735852 -7.865428 0.000000
vt 17.114359 -7.786051 0.000000
vt 16.766667 -7.405505 0.000000
vt 16.954519 -7.400161 0.000000
vt 16.900000 -6.986051 0.000000
vt 20.045481 -6.571940 0.000000
vt 20.100000 -6.986051 0.000000
vt 25.300000 -7.433208 0.000000
vt 20.045481 -7.400161 0.000000
vt 19.885641 -7.786051 0.000000
vt 19.631371 -8.117422 0.000000
vt 25.300000 -14.866416 0.000000
vt 19.300000 -8.371692 0.000000
vt 18.914110 -8.531532 0.000000
vt 18.500000 -8.586051 0.000000
vt 18.085890 -8.531532 0.000000
vt 17.700000 -8.371692 0.000000
vt 17.368629 -8.117422 0.000000
vt 16.954519 -6.571940 0.000000
vt 16.766667 0.000000 0.000000
vt 15.401185 -5.323384 0.000000
vt 14.868808 -4.629576 0.000000
vt 14.175000 -4.097199 0.000000
vt 13.367044 -3.762532 0.000000
vt 12.500000 -3.648384 0.000000
vt 11.632956 -3.762532 0.000000
vt 10.825000 -4.097199 0.000000
vt 10.131192 -4.629576 0.000000
vt 17.114359 -6.186051 0.000000
vt 17.368629 -5.854680 0.000000
vt 17.700000 -5.600410 0.000000
vt 18.085890 -5.440570 0.000000
vt 18.500000 -5.386051 0.000000
vt 18.914110 -5.440570 0.000000
vt 25.300000 0.000000 0.000000
vt 19.300000 -5.600410 0.000000
vt 19.631371 -5.854680 0.000000
vt 19.885641 -6.186051 0.000000
vt 15.735852 -6.131340 0.000000
vt 15.850000 -6.998384 0.000000
vt -0.300000 0.000000 0.000000
vt 8.233333 0.000000 0.000000
vt -0.300000 0.600000 0.000000
vt 8.233333 0.600000 0.000000
vt 16.766667 0.000000 0.000000
vt 16.766667 0.600000 0.000000
vt 25.300000 0.000000 0.000000
vt 25.300000 0.600000 0.000000
vt 5.450000 -4.607669 0.000000
vt 1.550000 -4.607669 0.000000
vt 5.450000 -5.026548 0.000000
vt 1.550000 -5.026548 0.000000
vt 5.450000 5.026548 0.000000
vt 1.550000 5.026548 0.000000
vt 5.450000 4.607669 0.000000
vt 1.550000 4.607669 0.000000
vt 5.450000 4.188790 0.000000
vt 1.550000 4.188790 0.000000
vt 5.450000 3.769911 0.000000
vt 1.550000 3.769911 0.000000
vt 5.450000 3.351032 0.000000
vt 1.550000 3.351032 0.000000
vt 5.450000 2.932153 0.000000
vt 1.550000 2.932153 0.000000
vt 5.450000 2.513274 0.000000
vt 1.550000 2.513274 0.000000
vt 5.450000 2.094395 0.000000
vt 1.550000 2.094395 0.000000
vt 5.450000 1.675516 0.000000
vt 1.550000 1.675516 0.000000
vt 5.450000 1.256637 0.000000
vt 1.550000 1.256637 0.000000
vt 5.450000 0.837758 0.000000
vt 1.550000 0.837758 0.000000
vt 5.450000 0.418879 0.000000
vt 1.550000 0.418879 0.000000
vt 5.450000 0.000000 0.000000
vt 1.550000 0.000000 0.000000
vt 5.450000 -0.418879 0.000000
vt 1.550000 -0.418879 0.000000
vt 5.450000 -0.837758 0.000000
vt 1.550000 -0.837758 0.000000
vt 5.450000 -1.256637 0.000000
vt 1.550000 -1.256637 0.000000
vt 5.450000 -1.675516 0.000000
vt 1.550000 -1.675516 0.000000
vt 5.450000 -2.094395 0.000000
vt 1.550000 -2.094395 0.000000
vt 5.450000 -2.513274 0.000000
vt 1.550000 -2.513274 0.000000
vt 5.450000 -2.932153 0.000000
vt 1.550000 -2.932153 0.000000
vt 5.450000 -3.351032 0.000000
vt 1.550000 -3.351032 0.000000
vt 5.450000 -3.769911 0.000000
vt 1.550000 -3.769911 0.000000
vt 5.450000 -4.188790 0.000000
vt 1.550000 -4.188790 0.000000
vt 5.450000 -4.607669 0.000000
vt 1.550000 -4.607669 0.000000
vt 5.450000 -5.026548 0.000000
vt 1.550000 -5.026548 0.000000
vt 5.450000 5.026548 0.000000
vt 1.550000 5.026548 0.000000
vt 5.450000 4.607669 0.000000
vt 1.550000 4.607669 0.000000
vt 5.450000 4.188790 0.000000
vt 1.550000 4.188790 0.000000
vt 5.450000 3.769911 0.000000
vt 1.550000 3.769911 0.000000
vt 5.450000 3.351032 0.000000
vt 1.550000 3.351032 0.000000
vt 5.450000 2.932153 0.000000
vt 1.550000 2.932153 0.000000
vt 5.450000 2.513274 0.000000
vt 1.550000 2.513274 0.000000
vt 5.450000 2.094395 0.000000
vt 1.550000 2.094395 0.000000
vt 5.450000 1.675516 0.000000
vt 1.550000 1.675516 0.000000
vt 5.450000 1.256637 0.000000
vt 1.550000 1.256637 0.000000
vt 5.450000 0.837758 0.000000
vt 1.550000 0.837758 0.000000
vt 5.450000 0.418879 0.000000
vt 1.550000 0.418879 0.000000
vt 5.450000 0.000000 0.000000
vt 1.550000 0.000000 0.000000
vt 5.450000 -0.418879 0.000000
vt 1.550000 -0.418879 0.000000
vt 5.450000 -0.837758 0.000000
vt 1.550000 -0.837758 0.000000
vt 5.450000 -1.256637 0.000000
vt 1.550000 -1.256637 0.000000
vt 5.450000 -1.675516 0.000000
vt 1.550000 -1.675516 0.000000
vt 5.450000 -2.094395 0.000000
vt 1.550000 -2.094395 0.000000
vt 5.450000 -2.513274 0.000000
vt 1.550000 -2.513274 0.000000
vt 5.450000 -2.932153 0.000000
vt 1.550000 -2.932153 0.000000
vt 5.450000 -3.351032 0.000000
vt 1.550000 -3.351032 0.000000
vt 5.450000 -3.769911 0.000000
vt 1.550000 -3.769911 0.000000
vt 5.450000 -4.188790 0.000000
vt 1.550000 -4.188790 0.000000
vt 4.000000 1.850000 0.000000
vt 0.000000 1.850000 0.000000
vt 4.000000 -0.300000 0.000000
vt 0.000000 -0.300000 0.000000
vt 1.500000 1.850000 0.000000
vt -0.000000 1.850000 0.000000
vt 1.500000 -0.300000 0.000000
vt 0.000000 -0.300000 0.000000
vt 4.000000 1.850000 0.000000
vt 0.000000 1.850000 0.000000
vt 4.000000 -0.300000 0.000000
vt 0.000000 -0.300000 0.000000
vt 3.905125 1.850000 0.000000
vt -0.000000 1.850000 0.000000
vt 3.905125 -0.300000 0.000000
vt 0.000000 -0.300000 0.000000
vt 1.500000 1.850000 0.000000
vt 0.000000 1.850000 0.000000
vt 1.500000 -0.300000 0.000000
vt 0.000000 -0.300000 0.000000
vt 12.800000 2.000000 0.000000
vt 10.650000 2.000000 0.000000
vt 12.800000 -2.000000 0.000000
vt 10.650000 -2.000000 0.000000
vt 4.000000 1.750000 0.000000
vt 0.000000 1.750000 0.000000
vt 4.000000 -0.300000 0.000000
vt 0.000000 -0.300000 0.000000
vt 1.499268 1.750000 0.000000
vt 0.000000 1.750000 0.000000
vt 1.499268 -0.300000 0.000000
vt 0.000000 -0.300000 0.000000
vt 3.905125 1.750000 0.000000
vt 0.000000 1.750000 0.000000
vt 3.905125 -0.300000 0.000000
vt 0.000000 -0.300000 0.000000
vt 4.000000 1.750000 0.000000
vt 0.000000 1.750000 0.000000
vt 4.000000 -0.300000 0.000000
vt 0.000000 -0.300000 0.000000
vt 1.499268 1.750000 0.000000
vt 0.000000 1.750000 0.000000
vt 1.499268 -0.300000 0.000000
vt 0.000000 -0.300000 0.000000
vt -12.800000 -2.000000 0.000000
vt -10.750000 -2.000000 0.000000
vt -12.800000 2.000000 0.000000
vt -10.750000 2.000000 0.000000
vn -1.000000 0.000000 0.000000
vn -1.000000 0.000000 0.000000
vn -1.000000 0.000000 0.000000
vn -1.000000 0.000000 0.000000
vn -1.000000 0.000000 0.000000
vn -1.000000 0.000000 0.000000
vn -1.000000 0.000000 0.000000
vn -1.000000 0.000000 0.000000
vn -1.000000 0.000000 0.000000
vn -1.000000 0.000000 0.000000
vn -1.000000 0.000000 0.000000
vn -1.000000 0.000000 0.000000
vn -1.000000 0.000000 0.000000
vn -1.000000 0.000000 0.000000
vn -1.000000 0.000000 0.000000
vn -1.000000 0.000000 0.000000
vn -1.000000 0.000000 0.000000
vn -1.000000 0.000000 0.000000
vn -1.000000 0.000000 0.000000
vn -1.000000 0.000000 0.000000
vn -1.000000 0.000000 0.000000
vn -1.000000 0.000000 0.000000
vn -1.000000 0.000000 0.000000
vn -1.000000 0.000000 0.000000
vn -1.000000 0.000000 0.000000
vn -1.000000 0.000000 0.000000
vn -1.000000 0.000000 0.000000
vn -1.000000 0.000000 0.000000
vn -1.000000 0.000000 0.000000
vn -1.000000 0.000000 0.000000
vn -1.000000 0.000000 0.000000
vn -1.000000 0.000000 0.000000
vn -1.000000 0.000000 0.000000
vn -1.000000 0.000000 0.000000
vn 1.000000 0.000000 0.000000
vn 1.000000 0.000000 0.000000
vn 1.000000 0.000000 0.000000
vn 1.000000 0.000000 0.000000
vn 1.000000 0.000000 0.000000
vn 1.000000 0.000000 0.000000
vn 1.000000 0.000000 0.000000
vn 1.000000 0.000000 0.000000
vn 1.000000 0.000000 0.000000
vn 1.000000 0.000000 0.000000
vn 1.000000 0.000000 0.000000
vn 1.000000 0.000000 0.000000
vn 1.000000 0.000000 0.000000
vn 1.000000 0.000000 0.000000
vn 1.000000 0.000000 0.000000
vn 1.000000 0.000000 0.000000
vn 1.000000 0.000000 0.000000
vn 1.000000 0.000000 0.000000
vn 1.000000 0.000000 0.000000
vn 1.000000 0.000000 0.000000
vn 1.000000 0.000000 0.000000
vn 1.000000 0.000000 0.000000
vn 1.000000 0.000000 0.000000
vn 1.000000 0.000000 0.000000
vn 1.000000 0.000000 0.000000
vn 1.000000 0.000000 0.000000
vn 1.000000 0.000000 0.000000
vn 1.000000 0.000000 0.000000
vn 1.000000 0.000000 0.000000
vn 1.000000 0.000000 0.000000
vn 1.000000 0.000000 0.000000
vn 1.000000 0.000000 0.000000
vn 1.000000 0.000000 0.000000
vn 1.000000 0.000000 0.000000
vn 0.000000 -1.000000 0.000000
vn 0.000000 -1.000000 0.000000
vn 0.000000 -1.000000 0.000000
vn 0.000000 -1.000000 0.000000
vn 0.000000 -1.000000 0.000000
vn 0.000000 -1.000000 0.000000
vn 0.000000 -1.000000 0.000000
vn 0.000000 -1.000000 0.000000
vn 0.000000 0.000000 1.000000
vn 0.000000 0.000000 1.000000
vn 0.000000 0.000000 1.000000
vn 0.000000 0.000000 1.000000
vn 0.000000 0.000000 1.000000
vn 0.000000 0.000000 1.000000
vn 0.000000 0.000000 1.000000
vn 0.000000 0.000000 1.000000
vn 0.000000 0.000000 1.000000
vn 0.000000 0.000000 1.000000
vn 0.000000 0.000000 1.000000
vn 0.000000 0.000000 1.000000
vn 0.000000 0.000000 1.000000
vn 0.000000 0.000000 1.000000
vn 0.000000 0.000000 1.000000
vn 0.000000 0.000000 1.000000
vn 0.000000 0.000000 1.000000
vn 0.000000 0.000000 1.000000
vn 0.000000 0.000000 1.000000
vn 0.000000 0.000000 1.000000
vn 0.000000 0.000000 1.000000
vn 0.000000 0.000000 1.000000
vn 0.000000 0.000000 1.000000
vn 0.000000 0.000000 1.000000
vn 0.000000 0.000000 1.000000
vn 0.000000 0.000000 1.000000
vn 0.000000 0.000000 1.000000
vn 0.000000 0.000000 1.000000
vn 0.000000 0.000000 1.000000
vn 0.000000 0.000000 1.000000
vn 0.000000 0.000000 1.000000
vn 0.000000 0.000000 1.000000
vn 0.000000 0.000000 1.000000
vn 0.000000 0.000000 1.000000
vn 0.000000 0.000000 1.000000
vn 0.000000 0.000000 1.000000
vn 0.000000 0.000000 1.000000
vn 0.000000 0.000000 1.000000
vn 0.000000 0.000000 1.000000
vn 0.000000 0.000000 1.000000
vn 0.000000 0.000000 1.000000
vn 0.000000 0.000000 1.000000
vn 0.000000 0.000000 1.000000
vn 0.000000 0.000000 1.000000
vn 0.000000 0.000000 1.000000
vn 0.000000 0.000000 1.000000
vn 0.000000 0.000000 1.000000
vn 0.000000 0.000000 1.000000
vn 0.000000 0.000000 1.000000
vn 0.000000 0.000000 1.000000
vn 0.000000 0.000000 1.000000
vn 0.000000 0.000000 1.000000
vn 0.000000 0.000000 1.000000
vn 0.000000 0.000000 1.000000
vn 0.000000 0.000000 1.000000
vn 0.000000 0.000000 1.000000
vn 0.000000 0.000000 1.000000
vn 0.000000 0.000000 1.000000
vn -0.000000 -1.000000 -0.000000
vn -0.000000 -1.000000 -0.000000
vn -0.000000 -1.000000 -0.000000
vn -0.000000 -1.000000 -0.000000
vn -0.000000 -1.000000 -0.000000
vn -0.000000 -1.000000 -0.000000
vn -0.000000 -1.000000 -0.000000
vn -0.000000 -1.000000 -0.000000
vn -0.000000 -1.000000 -0.000000
vn -0.000000 -1.000000 -0.000000
vn 0.000000 0.713213 0.700947
vn 0.000000 0.713213 0.700947
vn 0.000000 0.713213 0.700947
vn 0.000000 0.713213 0.700947
vn 0.000000 0.713213 0.700947
vn 0.000000 0.713213 0.700947
vn 0.000000 0.713213 0.700947
vn 0.000000 0.713213 0.700947
vn 0.000000 1.000000 0.000000
vn 0.000000 1.000000 0.000000
vn 0.000000 1.000000 0.000000
vn 0.000000 1.000000 0.000000
vn 0.000000 1.000000 0.000000
vn 0.000000 1.000000 0.000000
vn 0.000000 1.000000 0.000000
vn 0.000000 1.000000 0.000000
vn 0.000000 1.000000 0.000000
vn 0.000000 0.023440 -0.999725
vn 0.000000 0.023440 -0.999725
vn 0.000000 0.023440 -0.999725
vn 0.000000 0.023440 -0.999725
vn -0.000000 0.999725 0.023440
vn -0.000000 0.999725 0.023440
vn -0.000000 0.999725 0.023440
vn -0.000000 0.999725 0.023440
vn 0.000000 -1.000000 -0.000000
vn 0.000000 -1.000000 -0.000000
vn 0.000000 -1.000000 -0.000000
vn 0.000000 -1.000000 -0.000000
vn 0.000000 0.000000 -1.000000
vn 0.000000 0.000000 -1.000000
vn 0.000000 0.000000 -1.000000
vn 0.000000 0.000000 -1.000000
vn 0.000000 0.000000 1.000000
vn 0.000000 0.000000 1.000000
vn 0.000000 0.000000 1.000000
vn 0.000000 0.000000 1.000000
vn 0.000000 0.000000 1.000000
vn 0.000000 0.000000 1.000000
vn 0.000000 -0.640184 -0.768221
vn 0.000000 -0.640184 -0.768221
vn 0.000000 -0.640184 -0.768221
vn 0.000000 -0.640184 -0.768221
vn 0.000000 0.768221 -0.640184
vn 0.000000 0.768221 -0.640184
vn 0.000000 0.768221 -0.640184
vn 0.000000 0.768221 -0.640184
vn 0.000000 0.000000 -1.000000
vn 0.000000 0.000000 -1.000000
vn 0.000000 0.000000 -1.000000
vn 0.000000 0.000000 -1.000000
vn 0.000000 0.768221 -0.640184
vn 0.000000 0.768221 -0.640184
vn 0.000000 0.768221 -0.640184
vn 0.000000 0.768221 -0.640184
vn 0.000000 -0.640184 -0.768221
vn 0.000000 -0.640184 -0.768221
vn 0.000000 -0.640184 -0.768221
vn 0.000000 -0.640184 -0.768221
vn -1.000000 0.000000 0.000000
vn -1.000000 0.000000 0.000000
vn -1.000000 0.000000 0.000000
vn -1.000000 0.000000 0.000000
vn -1.000000 0.000000 0.000000
vn -1.000000 0.000000 0.000000
vn -1.000000 0.000000 0.000000
vn -1.000000 0.000000 0.000000
vn -1.000000 0.000000 0.000000
vn -1.000000 0.000000 0.000000
vn -1.000000 0.000000 0.000000
vn -1.000000 0.000000 0.000000
vn -1.000000 0.000000 0.000000
vn -1.000000 0.000000 0.000000
vn -1.000000 0.000000 0.000000
vn -1.000000 0.000000 0.000000
vn -1.000000 0.000000 0.000000
vn -1.000000 0.000000 0.000000
vn -1.000000 0.000000 0.000000
vn -1.000000 0.000000 0.000000
vn -1.000000 0.000000 0.000000
vn -1.000000 0.000000 0.000000
vn 0.000000 0.000000 -1.000000
vn 0.000000 0.000000 -1.000000
vn 0.000000 0.000000 -1.000000
vn 0.000000 0.000000 -1.000000
vn 0.000000 0.502601 -0.864519
vn 0.000000 0.502601 -0.864519
vn 0.000000 0.502601 -0.864519
vn 0.000000 0.502601 -0.864519
vn 0.000000 0.503371 -0.864070
vn 0.000000 0.503371 -0.864070
vn 0.000000 0.503371 -0.864070
vn 0.000000 0.503371 -0.864070
vn -0.258819 -0.688911 -0.677063
vn -0.258819 -0.688911 -0.677063
vn -0.000000 -0.713213 -0.700947
vn 0.000000 -0.713213 -0.700947
vn 0.258819 -0.688911 -0.677063
vn -0.500000 -0.617661 -0.607038
vn -0.500000 -0.617661 -0.607038
vn -0.707107 -0.504318 -0.495644
vn -0.707107 -0.504318 -0.495644
vn -0.866025 -0.356607 -0.350473
vn -0.866025 -0.356607 -0.350473
vn -0.965926 -0.184593 -0.181418
vn -0.965926 -0.184593 -0.181418
vn -1.000000 -0.000000 -0.000000
vn -1.000000 -0.000000 -0.000000
vn -0.965926 0.184593 0.181418
vn -0.965926 0.184593 0.181418
vn -0.866025 0.356607 0.350473
vn -0.866025 0.356607 0.350473
vn -0.707107 0.504318 0.495644
vn -0.707107 0.504318 0.495644
vn -0.500000 0.617661 0.607038
vn -0.500000 0.617661 0.607038
vn -0.258819 0.688911 0.677063
vn -0.258819 0.688911 0.677063
vn -0.000000 0.713213 0.700947
vn -0.000000 0.713213 0.700947
vn 0.258819 0.688911 0.677063
vn 0.258819 0.688911 0.677063
vn 0.500000 0.617661 0.607038
vn 0.500000 0.617661 0.607038
vn 0.707107 0.504318 0.495644
vn 0.707107 0.504318 0.495644
vn 0.866025 0.356607 0.350473
vn 0.866025 0.356607 0.350473
vn 0.965926 0.184593 0.181418
vn 0.965926 0.184593 0.181418
vn 1.000000 0.000000 0.000000
vn 1.000000 0.000000 0.000000
vn 0.965926 -0.184593 -0.181418
vn 0.965926 -0.184593 -0.181418
vn 0.866025 -0.356607 -0.350473
vn 0.866025 -0.356607 -0.350473
vn 0.707107 -0.504318 -0.495644
vn 0.707107 -0.504318 -0.495644
vn 0.500000 -0.617661 -0.607038
vn 0.500000 -0.617661 -0.607038
vn 0.258819 -0.688911 -0.677063
vn -0.258819 -0.688911 -0.677063
vn -0.258819 -0.688911 -0.677063
vn -0.000000 -0.713213 -0.700947
vn 0.000000 -0.713213 -0.700947
vn 0.258819 -0.688911 -0.677063
vn -0.500000 -0.617661 -0.607038
vn -0.500000 -0.617661 -0.607038
vn -0.707107 -0.504318 -0.495644
vn -0.707107 -0.504318 -0.495644
vn -0.866025 -0.356607 -0.350473
vn -0.866025 -0.356607 -0.350473
vn -0.965926 -0.184593 -0.181418
vn -0.965926 -0.184593 -0.181418
vn -1.000000 -0.000000 -0.000000
vn -1.000000 0.000000 0.000000
vn -0.965926 0.184593 0.181418
vn -0.965926 0.184593 0.181418
vn -0.866025 0.356607 0.350473
vn -0.866025 0.356607 0.350473
vn -0.707107 0.504318 0.495644
vn -0.707107 0.504318 0.495644
vn -0.500000 0.617661 0.607038
vn -0.500000 0.617661 0.607038
vn -0.258819 0.688911 0.677063
vn -0.258819 0.688911 0.677063
vn -0.000000 0.713213 0.700947
vn -0.000000 0.713213 0.700947
vn 0.258819 0.688911 0.677063
vn 0.258819 0.688911 0.677063
vn 0.500000 0.617661 0.607038
vn 0.500000 0.617661 0.607038
vn 0.707107 0.504318 0.495644
vn 0.707107 0.504318 0.495644
vn 0.866025 0.356607 0.350473
vn 0.866025 0.356607 0.350473
vn 0.965926 0.184593 0.181418
vn 0.965926 0.184593 0.181418
vn 1.000000 0.000000 0.000000
vn 1.000000 0.000000 0.000000
vn 0.965926 -0.184593 -0.181418
vn 0.965926 -0.184593 -0.181418
vn 0.866025 -0.356607 -0.350473
vn 0.866025 -0.356607 -0.350473
vn 0.707107 -0.504318 -0.495644
vn 0.707107 -0.504318 -0.495644
vn 0.500000 -0.617661 -0.607038
vn 0.500000 -0.617661 -0.607038
vn 0.258819 -0.688911 -0.677063
vn 0.000000 -1.000000 0.000000
vn 0.000000 -1.000000 0.000000
vn 0.000000 -1.000000 0.000000
vn 0.000000 -1.000000 0.000000
vn 0.000000 -1.000000 0.000000
vn 0.000000 -1.000000 0.000000
vn 0.000000 -1.000000 0.000000
vn 0.000000 -1.000000 0.000000
vn 0.000000 -1.000000 0.000000
vn 0.000000 1.000000 -0.000000
vn 0.000000 1.000000 -0.000000
vn 0.000000 1.000000 -0.000000
vn 0.000000 1.000000 -0.000000
vn 0.000000 1.000000 -0.000000
vn 0.000000 1.000000 -0.000000
vn 0.000000 1.000000 -0.000000
vn 0.000000 1.000000 -0.000000
vn 0.000000 1.000000 -0.000000
vn 1.000000 0.000000 -0.000000
vn 1.000000 0.000000 -0.000000
vn 1.000000 0.000000 -0.000000
vn 1.000000 0.000000 -0.000000
vn 1.000000 0.000000 -0.000000
vn 1.000000 0.000000 -0.000000
vn 1.000000 0.000000 -0.000000
vn 1.000000 0.000000 -0.000000
vn 1.000000 0.000000 -0.000000
vn 1.000000 0.000000 -0.000000
vn 1.000000 0.000000 -0.000000
vn 1.000000 0.000000 -0.000000
vn 1.000000 0.000000 -0.000000
vn 1.000000 0.000000 -0.000000
vn 1.000000 0.000000 -0.000000
vn 1.000000 0.000000 -0.000000
vn 1.000000 0.000000 -0.000000
vn 1.000000 0.000000 -0.000000
vn 1.000000 0.000000 -0.000000
vn 1.000000 0.000000 -0.000000
vn 1.000000 0.000000 -0.000000
vn 0.000000 0.000000 -1.000000
vn 0.000000 0.000000 -1.000000
vn 0.000000 0.000000 -1.000000
vn 0.000000 0.000000 -1.000000
vn -1.000000 -0.000000 0.000000
vn -1.000000 -0.000000 0.000000
vn -1.000000 -0.000000 0.000000
vn -1.000000 -0.000000 0.000000
vn 0.000000 -0.000000 -1.000000
vn 0.000000 -0.000000 -1.000000
vn 0.000000 -0.000000 -1.000000
vn 0.000000 -0.000000 -1.000000
vn 0.000000 -0.000000 -1.000000
vn 0.000000 -0.000000 -1.000000
vn 0.000000 1.000000 -0.000000
vn 0.000000 1.000000 -0.000000
vn 0.000000 1.000000 -0.000000
vn 0.000000 1.000000 -0.000000
vn 0.000000 1.000000 -0.000000
vn 0.000000 1.000000 -0.000000
vn 0.000000 1.000000 -0.000000
vn 0.000000 1.000000 -0.000000
vn 0.000000 1.000000 -0.000000
vn 0.000000 1.000000 -0.000000
vn 0.000000 1.000000 -0.000000
vn 1.000000 -0.000000 -0.000000
vn 1.000000 -0.000000 -0.000000
vn 1.000000 -0.000000 -0.000000
vn 1.000000 -0.000000 -0.000000
vn 0.000000 -0.000000 -1.000000
vn 0.000000 -0.000000 -1.000000
vn 0.000000 -0.000000 -1.000000
vn 0.000000 -0.000000 -1.000000
vn 0.000000 -0.000000 -1.000000
vn 0.000000 -0.000000 -1.000000
vn 0.000000 -0.000000 -1.000000
vn 0.258826 0.683578 0.682444
vn 0.258826 0.683578 0.682444
vn 0.000000 0.707694 0.706519
vn 0.000000 0.707694 0.706519
vn -0.258826 0.683578 0.682444
vn -0.258826 0.683578 0.682444
vn -0.500012 0.612876 0.611859
vn -0.500012 0.612876 0.611859
vn -0.707118 0.500407 0.499577
vn -0.707118 0.500407 0.499577
vn -0.866032 0.353839 0.353251
vn -0.866032 0.353839 0.353251
vn -0.965928 0.183159 0.182855
vn -0.965928 0.183159 0.182855
vn -1.000000 -0.000000 -0.000000
vn -1.000000 -0.000000 -0.000000
vn -0.965928 -0.183159 -0.182855
vn -0.965928 -0.183159 -0.182855
vn -0.866032 -0.353839 -0.353251
vn -0.866032 -0.353839 -0.353251
vn -0.707118 -0.500407 -0.499577
vn -0.707118 -0.500407 -0.499577
vn -0.500012 -0.612876 -0.611859
vn -0.500012 -0.612876 -0.611859
vn -0.258826 -0.683578 -0.682444
vn -0.258826 -0.683578 -0.682444
vn 0.000000 -0.707694 -0.706519
vn 0.000000 -0.707694 -0.706519
vn 0.258826 -0.683578 -0.682444
vn 0.258826 -0.683578 -0.682444
vn 0.500012 -0.612876 -0.611859
vn 0.500012 -0.612876 -0.611859
vn 0.707118 -0.500407 -0.499577
vn 0.707118 -0.500407 -0.499577
vn 0.866032 -0.353839 -0.353251
vn 0.866032 -0.353839 -0.353251
vn 0.965928 -0.183159 -0.182855
vn 0.965928 -0.183159 -0.182855
vn 1.000000 -0.000000 -0.000000
vn 1.000000 -0.000000 -0.000000
vn 0.965928 0.183159 0.182855
vn 0.965928 0.183159 0.182855
vn 0.866032 0.353839 0.353251
vn 0.866032 0.353839 0.353251
vn 0.707118 0.500407 0.499577
vn 0.707118 0.500407 0.499577
vn 0.500012 0.612876 0.611859
vn 0.500012 0.612876 0.611859
vn 0.000000 -0.707694 -0.706519
vn 0.000000 -0.707694 -0.706519
vn 0.000000 -0.707694 -0.706519
vn 0.000000 -0.707694 -0.706519
vn 0.000000 -0.707694 -0.706519
vn 0.000000 -0.707694 -0.706519
vn 0.000000 -0.707694 -0.706519
vn 0.000000 -0.707694 -0.706519
vn -0.000000 0.706519 -0.707694
vn -0.000000 0.706519 -0.707694
vn -0.000000 0.706519 -0.707694
vn -0.000000 0.706519 -0.707694
vn -0.000000 0.706519 -0.707694
vn -0.000000 0.706519 -0.707694
vn -0.000000 0.706519 -0.707694
vn -0.000000 0.706519 -0.707694
vn -0.000000 0.706519 -0.707694
vn -0.000000 0.706519 -0.707694
vn -0.000000 0.706519 -0.707694
vn -0.000000 0.706519 -0.707694
vn -0.000000 0.706519 -0.707694
vn -0.000000 0.706519 -0.707694
vn -0.000000 0.706519 -0.707694
vn -0.000000 0.706519 -0.707694
vn -0.000000 0.706519 -0.707694
vn -0.000000 0.706519 -0.707694
vn -0.000000 0.706519 -0.707694
vn -0.000000 0.706519 -0.707694
vn -0.000000 0.706519 -0.707694
vn -0.000000 0.706519 -0.707694
vn -0.000000 0.706519 -0.707694
vn -0.000000 0.706519 -0.707694
vn -0.000000 0.706519 -0.707694
vn -0.000000 0.706519 -0.707694
vn -0.000000 0.706519 -0.707694
vn -0.000000 0.706519 -0.707694
vn -0.000000 0.706519 -0.707694
vn -0.000000 0.706519 -0.707694
vn -0.000000 0.706519 -0.707694
vn -0.000000 0.706519 -0.707694
vn -0.000000 0.706519 -0.707694
vn -0.000000 0.706519 -0.707694
vn -0.000000 0.706519 -0.707694
vn -0.000000 0.706519 -0.707694
vn -0.000000 0.706519 -0.707694
vn -0.000000 0.706519 -0.707694
vn -0.000000 0.706519 -0.707694
vn -0.000000 0.706519 -0.707694
vn -0.000000 0.706519 -0.707694
vn -0.000000 0.706519 -0.707694
vn -0.000000 0.706519 -0.707694
vn -0.000000 0.706519 -0.707694
vn -0.000000 0.706519 -0.707694
vn -0.000000 0.706519 -0.707694
vn -0.000000 0.706519 -0.707694
vn -0.000000 0.706519 -0.707694
vn -0.000000 0.706519 -0.707694
vn -0.000000 0.706519 -0.707694
vn -0.000000 0.706519 -0.707694
vn -0.000000 0.706519 -0.707694
vn -0.000000 0.706519 -0.707694
vn -0.000000 0.706519 -0.707694
vn -0.000000 0.706519 -0.707694
vn -0.000000 0.706519 -0.707694
vn -0.000000 0.706519 -0.707694
vn -0.000000 0.706519 -0.707694
vn -0.000000 0.706519 -0.707694
vn -0.000000 0.706519 -0.707694
vn -0.000000 0.706519 -0.707694
vn -0.000000 0.706519 -0.707694
vn -0.000000 0.706519 -0.707694
vn -0.000000 0.706519 -0.707694
vn -0.000000 0.706519 -0.707694
vn -0.000000 0.706519 -0.707694
vn -0.000000 0.706519 -0.707694
vn -0.000000 0.706519 -0.707694
vn -0.000000 0.706519 -0.707694
vn -0.000000 0.706519 -0.707694
vn -0.000000 0.706519 -0.707694
vn -0.000000 0.706519 -0.707694
vn -0.000000 0.706519 -0.707694
vn -0.000000 0.706519 -0.707694
vn -0.000000 0.706519 -0.707694
vn -0.000000 0.706519 -0.707694
vn -0.000000 0.706519 -0.707694
vn -0.000000 0.706519 -0.707694
vn -0.000000 0.706519 -0.707694
vn -0.000000 0.706519 -0.707694
vn -0.000000 0.706519 -0.707694
vn -0.000000 0.706519 -0.707694
vn -0.000000 0.706519 -0.707694
vn 0.000000 -1.000000 0.000000
vn 0.000000 -1.000000 0.000000
vn 0.000000 -1.000000 0.000000
vn 0.000000 -1.000000 0.000000
vn 0.000000 -1.000000 0.000000
vn 0.000000 -1.000000 0.000000
vn 0.000000 -1.000000 0.000000
vn 0.000000 -1.000000 0.000000
vn -0.000000 -0.000000 -1.000000
vn -0.000000 -0.000000 -1.000000
vn -0.000000 -0.000000 -1.000000
vn -0.000000 -0.000000 -1.000000
vn -0.000000 -0.000000 -1.000000
vn -0.000000 -0.000000 -1.000000
vn -0.000000 -0.000000 -1.000000
vn -0.000000 -0.000000 -1.000000
vn -0.000000 -0.000000 -1.000000
vn -0.000000 -0.000000 -1.000000
vn -0.000000 -0.000000 -1.000000
vn -0.000000 -0.000000 -1.000000
vn -0.000000 -0.000000 -1.000000
vn -0.000000 -0.000000 -1.000000
vn -0.000000 -0.000000 -1.000000
vn -0.000000 -0.000000 -1.000000
vn -0.000000 -0.000000 -1.000000
vn -0.000000 -0.000000 -1.000000
vn -0.000000 -0.000000 -1.000000
vn -0.000000 -0.000000 -1.000000
vn -0.000000 -0.000000 -1.000000
vn -0.000000 -0.000000 -1.000000
vn -0.000000 -0.000000 -1.000000
vn -0.000000 -0.000000 -1.000000
vn -0.000000 -0.000000 -1.000000
vn -0.000000 -0.000000 -1.000000
vn -0.000000 -0.000000 -1.000000
vn -0.000000 -0.000000 -1.000000
vn -0.000000 -0.000000 -1.000000
vn -0.000000 -0.000000 -1.000000
vn -0.000000 -0.000000 -1.000000
vn -0.000000 -0.000000 -1.000000
vn -0.000000 -0.000000 -1.000000
vn -0.000000 -0.000000 -1.000000
vn -0.000000 -0.000000 -1.000000
vn -0.000000 -0.000000 -1.000000
vn -0.000000 -0.000000 -1.000000
vn -0.000000 -0.000000 -1.000000
vn -0.000000 -0.000000 -1.000000
vn -0.000000 -0.000000 -1.000000
vn -0.000000 -0.000000 -1.000000
vn -0.000000 -0.000000 -1.000000
vn -0.000000 -0.000000 -1.000000
vn -0.000000 -0.000000 -1.000000
vn -0.000000 -0.000000 -1.000000
vn -0.000000 -0.000000 -1.000000
vn -0.000000 -0.000000 -1.000000
vn -0.000000 -0.000000 -1.000000
vn -0.000000 -0.000000 -1.000000
vn -0.000000 -0.000000 -1.000000
vn -0.000000 -0.000000 -1.000000
vn -0.000000 -0.000000 -1.000000
vn -0.000000 -0.000000 -1.000000
vn -0.000000 -0.000000 -1.000000
vn -0.000000 -0.000000 -1.000000
vn -0.000000 -0.000000 -1.000000
vn -0.000000 -0.000000 -1.000000
vn -0.000000 -0.000000 -1.000000
vn -0.000000 -0.000000 -1.000000
vn -0.000000 -0.000000 -1.000000
vn -0.000000 -0.000000 -1.000000
vn -0.000000 -0.000000 -1.000000
vn -0.000000 1.000000 0.000000
vn -0.000000 1.000000 0.000000
vn -0.000000 1.000000 0.000000
vn -0.000000 1.000000 0.000000
vn 0.000000 1.000000 0.000000
vn 0.000000 1.000000 0.000000
vn 0.000000 1.000000 0.000000
vn 0.000000 1.000000 0.000000
vn -0.000000 0.000000 1.000000
vn -0.000000 0.000000 1.000000
vn -0.000000 0.000000 1.000000
vn -0.000000 0.000000 1.000000
vn -0.000000 0.000000 1.000000
vn -0.000000 0.000000 1.000000
vn -0.000000 0.000000 1.000000
vn -0.000000 0.000000 1.000000
vn -0.000000 0.000000 1.000000
vn -0.000000 0.000000 1.000000
vn -0.000000 0.000000 1.000000
vn -0.000000 0.000000 1.000000
vn -0.000000 0.000000 1.000000
vn -0.000000 0.000000 1.000000
vn -0.000000 0.000000 1.000000
vn -0.000000 0.000000 1.000000
vn -0.000000 0.000000 1.000000
vn -0.000000 0.000000 1.000000
vn -0.000000 0.000000 1.000000
vn -0.000000 0.000000 1.000000
vn -0.965926 0.184593 0.181418
vn -0.965926 0.184593 0.181418
vn -1.000000 0.000000 0.000000
vn -0.965926 -0.184593 -0.181418
vn -0.965926 -0.184593 -0.181418
vn -0.866025 -0.356607 -0.350473
vn -0.866025 -0.356607 -0.350473
vn -0.707107 -0.504318 -0.495644
vn -0.707107 -0.504318 -0.495644
vn -0.500000 -0.617661 -0.607038
vn -0.500000 -0.617661 -0.607038
vn -0.258819 -0.688911 -0.677063
vn -0.258819 -0.688911 -0.677063
vn 0.000000 -0.713213 -0.700947
vn 0.000000 -0.713213 -0.700947
vn 0.258819 -0.688911 -0.677063
vn -0.866025 0.356607 0.350473
vn -0.866025 0.356607 0.350473
vn -0.707107 0.504318 0.495644
vn -0.707107 0.504318 0.495644
vn -0.500000 0.617661 0.607038
vn -0.500000 0.617661 0.607038
vn -0.258819 0.688911 0.677063
vn -0.258819 0.688911 0.677063
vn 0.000000 0.713213 0.700947
vn 0.000000 0.713213 0.700947
vn 0.258819 0.688911 0.677063
vn 0.258819 0.688911 0.677063
vn 0.500000 0.617661 0.607038
vn 0.500000 0.617661 0.607038
vn 0.707107 0.504318 0.495644
vn 0.707107 0.504318 0.495644
vn 0.866025 0.356607 0.350473
vn 0.866025 0.356607 0.350473
vn 0.965926 0.184593 0.181418
vn 0.965926 0.184593 0.181418
vn 1.000000 -0.000000 0.000000
vn 0.965926 -0.184593 -0.181418
vn 0.965926 -0.184593 -0.181418
vn 0.866025 -0.356607 -0.350473
vn 0.866025 -0.356607 -0.350473
vn 0.707107 -0.504318 -0.495644
vn 0.707107 -0.504318 -0.495644
vn 0.500000 -0.617661 -0.607038
vn 0.500000 -0.617661 -0.607038
vn 0.258819 -0.688911 -0.677063
vn 0.000000 1.000000 -0.000000
vn 0.000000 1.000000 -0.000000
vn 0.000000 1.000000 -0.000000
vn 0.000000 1.000000 -0.000000
vn 0.000000 1.000000 -0.000000
vn 0.000000 1.000000 -0.000000
vn 0.000000 1.000000 -0.000000
vn 0.000000 1.000000 -0.000000
vn 0.000000 -1.000000 0.000000
vn 0.000000 -1.000000 0.000000
vn 0.000000 -1.000000 0.000000
vn 0.000000 -1.000000 0.000000
vn 0.000000 -1.000000 0.000000
vn 0.000000 -1.000000 0.000000
vn 0.000000 -1.000000 0.000000
vn 0.000000 -1.000000 0.000000
vn 0.000000 -0.000000 -1.000000
vn 0.000000 -0.000000 -1.000000
vn 0.000000 -0.000000 -1.000000
vn 0.000000 -0.000000 -1.000000
vn 0.000000 -0.000000 -1.000000
vn 0.000000 -0.000000 -1.000000
vn 0.000000 -0.000000 -1.000000
vn 0.000000 -0.000000 -1.000000
vn 0.000000 -0.700947 0.713213
vn 0.000000 -0.700947 0.713213
vn 0.000000 -0.700947 0.713213
vn 0.000000 -0.700947 0.713213
vn 0.000000 -0.700947 0.713213
vn 0.000000 -0.700947 0.713213
vn 0.000000 -0.700947 0.713213
vn 0.000000 -0.700947 0.713213
vn 0.000000 -0.700947 0.713213
vn 0.000000 -0.700947 0.713213
vn 0.000000 -0.700947 0.713213
vn 0.000000 -0.700947 0.713213
vn 0.000000 -0.700947 0.713213
vn 0.000000 -0.700947 0.713213
vn 0.000000 -0.700947 0.713213
vn 0.000000 -0.700947 0.713213
vn 0.000000 -0.700947 0.713213
vn 0.000000 -0.700947 0.713213
vn 0.000000 -0.700947 0.713213
vn 0.000000 -0.700947 0.713213
vn 0.000000 -0.700947 0.713213
vn 0.000000 -0.700947 0.713213
vn 0.000000 -0.700947 0.713213
vn 0.000000 -0.700947 0.713213
vn 0.000000 -0.700947 0.713213
vn 0.000000 -0.700947 0.713213
vn 0.000000 -0.700947 0.713213
vn 0.000000 -0.700947 0.713213
vn 0.000000 -0.700947 0.713213
vn 0.000000 -0.700947 0.713213
vn 0.000000 -0.700947 0.713213
vn 0.000000 -0.700947 0.713213
vn 0.000000 -0.700947 0.713213
vn 0.000000 -0.700947 0.713213
vn 0.000000 -0.700947 0.713213
vn 0.000000 -0.700947 0.713213
vn 0.000000 -0.700947 0.713213
vn 0.000000 -0.700947 0.713213
vn 0.000000 -0.700947 0.713213
vn 0.000000 -0.700947 0.713213
vn 0.000000 -0.700947 0.713213
vn 0.000000 -0.700947 0.713213
vn 0.000000 -0.700947 0.713213
vn 0.000000 -0.700947 0.713213
vn 0.000000 -0.700947 0.713213
vn 0.000000 -0.700947 0.713213
vn 0.000000 -0.700947 0.713213
vn 0.000000 -0.700947 0.713213
vn 0.000000 -0.700947 0.713213
vn 0.000000 -0.700947 0.713213
vn 0.000000 -0.700947 0.713213
vn 0.000000 -0.700947 0.713213
vn 0.000000 -0.700947 0.713213
vn 0.000000 -0.700947 0.713213
vn 0.000000 -0.700947 0.713213
vn 0.000000 -0.700947 0.713213
vn 0.000000 -0.700947 0.713213
vn 0.000000 -0.700947 0.713213
vn 0.000000 -0.700947 0.713213
vn 0.000000 -0.700947 0.713213
vn 0.000000 -0.700947 0.713213
vn 0.000000 -0.700947 0.713213
vn 0.000000 -0.700947 0.713213
vn 0.000000 -0.700947 0.713213
vn 0.000000 -0.700947 0.713213
vn 0.000000 -0.700947 0.713213
vn 0.000000 -0.700947 0.713213
vn 0.000000 -0.700947 0.713213
vn 0.000000 -0.700947 0.713213
vn 0.000000 -0.700947 0.713213
vn 0.000000 -0.700947 0.713213
vn 0.000000 -0.700947 0.713213
vn 0.000000 -0.700947 0.713213
vn 0.000000 -0.700947 0.713213
vn 0.000000 -0.700947 0.713213
vn 0.000000 -0.700947 0.713213
vn 0.000000 -0.700947 0.713213
vn 0.000000 -0.700947 0.713213
vn 0.000000 -0.700947 0.713213
vn 0.000000 -0.700947 0.713213
vn 0.000000 -0.700947 0.713213
vn 0.000000 -0.700947 0.713213
vn 0.000000 -0.700947 0.713213
vn 0.000000 -0.700947 0.713213
vn 0.000000 -0.700947 0.713213
vn 0.000000 -0.700947 0.713213
vn 0.000000 -0.700947 0.713213
vn 0.000000 -0.713213 -0.700947
vn 0.000000 -0.713213 -0.700947
vn 0.000000 -0.713213 -0.700947
vn 0.000000 -0.713213 -0.700947
vn 0.000000 -0.713213 -0.700947
vn 0.000000 -0.713213 -0.700947
vn 0.000000 -0.713213 -0.700947
vn 0.000000 -0.713213 -0.700947
vn -0.965926 -0.258819 0.000000
vn -0.965926 -0.258819 0.000000
vn -1.000000 -0.000000 0.000000
vn -1.000000 -0.000000 0.000000
vn -0.965926 0.258819 -0.000000
vn -0.965926 0.258819 -0.000000
vn -0.866025 0.500000 -0.000000
vn -0.866025 0.500000 -0.000000
vn -0.707107 0.707107 -0.000000
vn -0.707107 0.707107 -0.000000
vn -0.500000 0.866025 -0.000000
vn -0.500000 0.866025 -0.000000
vn -0.258819 0.965926 -0.000000
vn -0.258819 0.965926 -0.000000
vn 0.000000 1.000000 -0.000000
vn 0.000000 1.000000 -0.000000
vn 0.258819 0.965926 -0.000000
vn 0.258819 0.965926 -0.000000
vn 0.500000 0.866025 -0.000000
vn 0.500000 0.866025 -0.000000
vn 0.707107 0.707107 -0.000000
vn 0.707107 0.707107 -0.000000
vn 0.866025 0.500000 -0.000000
vn 0.866025 0.500000 -0.000000
vn 0.965926 0.258819 -0.000000
vn 0.965926 0.258819 -0.000000
vn 1.000000 0.000000 -0.000000
vn 1.000000 0.000000 -0.000000
vn 0.965926 -0.258819 0.000000
vn 0.965926 -0.258819 0.000000
vn 0.866025 -0.500000 0.000000
vn 0.866025 -0.500000 0.000000
vn 0.707107 -0.707107 0.000000
vn 0.707107 -0.707107 0.000000
vn 0.500000 -0.866025 0.000000
vn 0.500000 -0.866025 0.000000
vn 0.258819 -0.965926 0.000000
vn 0.258819 -0.965926 0.000000
vn 0.000000 -1.000000 0.000000
vn 0.000000 -1.000000 0.000000
vn -0.258819 -0.965926 0.000000
vn -0.258819 -0.965926 0.000000
vn -0.500000 -0.866025 0.000000
vn -0.500000 -0.866025 0.000000
vn -0.707107 -0.707107 0.000000
vn -0.707107 -0.707107 0.000000
vn -0.866025 -0.500000 0.000000
vn -0.866025 -0.500000 0.000000
vn -0.965926 -0.258819 0.000000
vn -0.965926 -0.258819 0.000000
vn -1.000000 -0.000000 0.000000
vn -1.000000 -0.000000 0.000000
vn -0.965926 0.258819 -0.000000
vn -0.965926 0.258819 -0.000000
vn -0.866025 0.500000 -0.000000
vn -0.866025 0.500000 -0.000000
vn -0.707107 0.707107 -0.000000
vn -0.707107 0.707107 -0.000000
vn -0.500000 0.866025 -0.000000
vn -0.500000 0.866025 -0.000000
vn -0.258819 0.965926 -0.000000
vn -0.258819 0.965926 -0.000000
vn 0.000000 1.000000 -0.000000
vn 0.000000 1.000000 -0.000000
vn 0.258819 0.965926 -0.000000
vn 0.258819 0.965926 -0.000000
vn 0.500000 0.866025 -0.000000
vn 0.500000 0.866025 -0.000000
vn 0.707107 0.707107 -0.000000
vn 0.707107 0.707107 -0.000000
vn 0.866025 0.500000 -0.000000
vn 0.866025 0.500000 -0.000000
vn 0.965926 0.258819 -0.000000
vn 0.965926 0.258819 -0.000000
vn 1.000000 0.000000 -0.000000
vn 1.000000 0.000000 -0.000000
vn 0.965926 -0.258819 0.000000
vn 0.965926 -0.258819 0.000000
vn 0.866025 -0.500000 0.000000
vn 0.866025 -0.500000 0.000000
vn 0.707107 -0.707107 0.000000
vn 0.707107 -0.707107 0.000000
vn 0.500000 -0.866025 0.000000
vn 0.500000 -0.866025 0.000000
vn 0.258819 -0.965926 0.000000
vn 0.258819 -0.965926 0.000000
vn 0.000000 -1.000000 0.000000
vn 0.000000 -1.000000 0.000000
vn -0.258819 -0.965926 0.000000
vn -0.258819 -0.965926 0.000000
vn -0.500000 -0.866025 0.000000
vn -0.500000 -0.866025 0.000000
vn -0.707107 -0.707107 0.000000
vn -0.707107 -0.707107 0.000000
vn -0.866025 -0.500000 0.000000
vn -0.866025 -0.500000 0.000000
vn 0.000000 0.000000 1.000000
vn 0.000000 0.000000 1.000000
vn 0.000000 0.000000 1.000000
vn 0.000000 0.000000 1.000000
vn 0.000000 1.000000 -0.000000
vn 0.000000 1.000000 -0.000000
vn 0.000000 1.000000 -0.000000
vn 0.000000 1.000000 -0.000000
vn 0.000000 -0.000000 -1.000000
vn 0.000000 -0.000000 -1.000000
vn 0.000000 -0.000000 -1.000000
vn 0.000000 -0.000000 -1.000000
vn 0.000000 0.640184 -0.768221
vn 0.000000 0.640184 -0.768221
vn 0.000000 0.640184 -0.768221
vn 0.000000 0.640184 -0.768221
vn 0.000000 -1.000000 0.000000
vn 0.000000 -1.000000 0.000000
vn 0.000000 -1.000000 0.000000
vn 0.000000 -1.000000 0.000000
vn 0.000000 -0.000000 -1.000000
vn 0.000000 -0.000000 -1.000000
vn 0.000000 -0.000000 -1.000000
vn 0.000000 -0.000000 -1.000000
vn 0.000000 0.000000 1.000000
vn 0.000000 0.000000 1.000000
vn 0.000000 0.000000 1.000000
vn 0.000000 0.000000 1.000000
vn 0.000000 -1.000000 0.000000
vn 0.000000 -1.000000 0.000000
vn 0.000000 -1.000000 0.000000
vn 0.000000 -1.000000 0.000000
vn 0.000000 0.640184 -0.768221
vn 0.000000 0.640184 -0.768221
vn 0.000000 0.640184 -0.768221
vn 0.000000 0.640184 -0.768221
vn 0.000000 -0.000000 -1.000000
vn 0.000000 -0.000000 -1.000000
vn 0.000000 -0.000000 -1.000000
vn 0.000000 -0.000000 -1.000000
vn 0.000000 1.000000 -0.000000
vn 0.000000 1.000000 -0.000000
vn 0.000000 1.000000 -0.000000
vn 0.000000 1.000000 -0.000000
vn 0.000000 -0.000000 -1.000000
vn 0.000000 -0.000000 -1.000000
vn 0.000000 -0.000000 -1.000000
vn 0.000000 -0.000000 -1.000000
usemtl Steel_-_Satin
f 2/1/1 14/2/2 1/3/3
f 1/3/3 14/2/2 15/4/4
f 1/3/3 15/4/4 17/5/5
f 17/5/5 15/4/4 16/6/6
f 3/7/7 4/8/8 2/1/1
f 2/1/1 4/8/8 13/9/9
f 2/1/1 13/9/9 14/2/2
f 5/10/10 31/11/11 4/8/8
f 4/8/8 31/11/11 32/12/12
f 4/8/8 32/12/12 12/13/13
f 12/13/13 32/12/12 33/14/14
f 12/13/13 33/14/14 11/15/15
f 11/15/15 33/14/14 10/16/16
f 10/16/16 33/14/14 34/17/17
f 10/16/16 34/17/17 9/18/18
f 9/18/18 34/17/17 8/19/19
f 8/19/19 34/17/17 31/11/11
f 8/19/19 31/11/11 5/10/10
f 5/10/10 6/20/20 8/19/19
f 8/19/19 6/20/20 7/21/21
f 12/13/13 13/9/9 4/8/8
f 17/5/5 18/22/22 1/3/3
f 1/3/3 18/22/22 19/23/23
f 1/3/3 19/23/23 20/24/24
f 21/25/25 27/26/26 20/24/24
f 20/24/24 27/26/26 28/27/27
f 20/24/24 28/27/27 29/28/28
f 21/25/25 22/29/29 27/26/26
f 27/26/26 22/29/29 26/30/30
f 26/30/30 22/29/29 25/31/31
f 25/31/31 22/29/29 24/32/32
f 24/32/32 22/29/29 23/33/33
f 30/34/34 1/3/3 29/28/28
f 29/28/28 1/3/3 20/24/24
f 36/35/35 44/36/36 35/37/37
f 35/37/37 44/36/36 62/38/38
f 35/37/37 62/38/38 63/39/39
f 36/35/35 37/40/40 44/36/36
f 44/36/36 37/40/40 43/41/41
f 43/41/41 37/40/40 42/42/42
f 42/42/42 37/40/40 38/43/43
f 42/42/42 38/43/43 39/44/44
f 39/44/44 40/45/45 42/42/42
f 42/42/42 40/45/45 41/46/46
f 44/36/36 45/47/47 62/38/38
f 62/38/38 45/47/47 46/48/48
f 62/38/38 46/48/48 68/49/49
f 68/49/49 46/48/48 48/50/50
f 68/49/49 48/50/50 49/51/51
f 46/48/48 47/52/52 48/50/50
f 50/53/53 61/54/54 49/51/51
f 49/51/51 61/54/54 62/38/38
f 49/51/51 62/38/38 68/49/49
f 61/54/54 50/53/53 59/55/55
f 59/55/55 50/53/53 51/56/56
f 59/55/55 51/56/56 64/57/57
f 64/57/57 51/56/56 67/58/58
f 67/58/58 51/56/56 52/59/59
f 67/58/58 52/59/59 53/60/60
f 67/58/58 53/60/60 66/61/61
f 66/61/61 53/60/60 54/62/62
f 66/61/61 54/62/62 55/63/63
f 56/64/64 57/65/65 55/63/63
f 55/63/63 57/65/65 58/66/66
f 55/63/63 58/66/66 65/67/67
f 65/67/67 58/66/66 59/55/55
f 65/67/67 59/55/55 64/57/57
f 59/55/55 60/68/68 61/54/54
f 65/67/67 66/61/61 55/63/63
f 29/69/69 69/70/70 30/71/71
f 30/71/71 69/70/70 72/72/72
f 72/72/72 69/70/70 70/73/73
f 72/72/72 70/73/73 71/74/74
f 71/74/74 70/73/73 35/75/75
f 71/74/74 35/75/75 63/76/76
f 72/77/77 80/78/78 30/79/79
f 30/79/79 80/78/78 81/80/80
f 30/79/79 81/80/80 82/81/81
f 71/82/82 124/83/83 72/77/77
f 72/77/77 124/83/83 76/84/84
f 72/77/77 76/84/84 77/85/85
f 63/86/86 106/87/87 71/82/82
f 71/82/82 106/87/87 107/88/88
f 71/82/82 107/88/88 108/89/89
f 62/90/90 99/91/91 63/86/86
f 63/86/86 99/91/91 100/92/92
f 63/86/86 100/92/92 101/93/93
f 73/94/94 116/95/95 62/90/90
f 62/90/90 116/95/95 117/96/96
f 62/90/90 117/96/96 118/97/97
f 74/98/98 123/99/99 73/94/94
f 73/94/94 123/99/99 114/100/100
f 73/94/94 114/100/100 115/101/101
f 1/102/102 94/103/103 74/98/98
f 74/98/98 94/103/103 95/104/104
f 74/98/98 95/104/104 96/105/105
f 30/79/79 87/106/106 1/102/102
f 1/102/102 87/106/106 88/107/107
f 1/102/102 88/107/107 89/108/108
f 98/109/109 75/110/110 124/83/83
f 124/83/83 75/110/110 76/84/84
f 77/85/85 78/111/111 72/77/77
f 72/77/77 78/111/111 79/112/112
f 72/77/77 79/112/112 80/78/78
f 82/81/81 83/113/113 30/79/79
f 30/79/79 83/113/113 84/114/114
f 30/79/79 84/114/114 85/115/115
f 85/115/115 86/116/116 30/79/79
f 30/79/79 86/116/116 87/106/106
f 89/108/108 90/117/117 1/102/102
f 1/102/102 90/117/117 91/118/118
f 1/102/102 91/118/118 92/119/119
f 92/119/119 93/120/120 1/102/102
f 1/102/102 93/120/120 94/103/103
f 74/98/98 96/105/105 124/83/83
f 124/83/83 96/105/105 97/121/121
f 124/83/83 97/121/121 98/109/109
f 101/93/93 102/122/122 63/86/86
f 63/86/86 102/122/122 103/123/123
f 63/86/86 103/123/123 104/124/124
f 104/124/124 105/125/125 63/86/86
f 63/86/86 105/125/125 106/87/87
f 108/89/89 109/126/126 71/82/82
f 71/82/82 109/126/126 110/127/127
f 71/82/82 110/127/127 123/99/99
f 123/99/99 110/127/127 111/128/128
f 123/99/99 111/128/128 112/129/129
f 112/129/129 113/130/130 123/99/99
f 123/99/99 113/130/130 114/100/100
f 115/101/101 116/95/95 73/94/94
f 118/97/97 119/131/131 62/90/90
f 62/90/90 119/131/131 120/132/132
f 62/90/90 120/132/132 121/133/133
f 121/133/133 122/134/134 62/90/90
f 62/90/90 122/134/134 99/91/91
f 74/98/98 124/83/83 123/99/99
f 123/99/99 124/83/83 71/82/82
f 1/135/135 74/136/136 2/137/137
f 2/137/137 74/136/136 126/138/138
f 2/137/137 126/138/138 3/139/139
f 126/138/138 74/136/136 125/140/140
f 125/140/140 74/136/136 73/141/141
f 125/140/140 73/141/141 61/142/142
f 61/142/142 73/141/141 62/143/143
f 61/142/142 60/144/144 125/140/140
f 35/145/145 70/146/146 36/147/147
f 36/147/147 70/146/146 128/148/148
f 128/148/148 70/146/146 69/149/149
f 128/148/148 69/149/149 127/150/150
f 127/150/150 69/149/149 29/151/151
f 127/150/150 29/151/151 28/152/152
f 17/153/153 129/154/154 18/155/155
f 18/155/155 129/154/154 135/156/156
f 135/156/156 129/154/154 130/157/157
f 135/156/156 130/157/157 131/158/158
f 135/156/156 131/158/158 134/159/159
f 134/159/159 131/158/158 132/160/160
f 134/159/159 132/160/160 133/161/161
f 129/162/162 17/163/163 136/164/164
f 136/164/164 17/163/163 16/165/165
f 15/166/166 137/167/167 16/168/168
f 16/168/168 137/167/167 136/169/169
f 46/170/170 138/171/171 47/172/172
f 47/172/172 138/171/171 139/173/173
f 47/174/174 139/175/175 48/176/176
f 48/176/176 139/175/175 140/177/177
f 141/178/178 142/179/179 130/180/180
f 130/180/180 142/179/179 131/181/181
f 131/181/181 142/179/179 143/182/182
f 131/181/181 143/182/182 132/183/183
f 144/184/184 12/185/185 145/186/186
f 145/186/186 12/185/185 11/187/187
f 10/188/188 146/189/189 11/190/190
f 11/190/190 146/189/189 145/191/191
f 12/192/192 144/193/193 13/194/194
f 13/194/194 144/193/193 147/195/195
f 148/196/196 53/197/197 149/198/198
f 149/198/198 53/197/197 52/199/199
f 51/200/200 150/201/201 52/202/202
f 52/202/202 150/201/201 149/203/203
f 143/204/204 159/205/205 132/206/206
f 132/206/206 159/205/205 140/207/207
f 132/206/206 140/207/207 133/208/208
f 133/208/208 140/207/207 139/209/209
f 133/208/208 139/209/209 138/210/210
f 143/204/204 151/211/211 159/205/205
f 159/205/205 151/211/211 158/212/212
f 158/212/212 151/211/211 152/213/213
f 158/212/212 152/213/213 150/214/214
f 150/214/214 152/213/213 153/215/215
f 150/214/214 153/215/215 160/216/216
f 160/216/216 153/215/215 163/217/217
f 163/217/217 153/215/215 156/218/218
f 163/217/217 156/218/218 162/219/219
f 162/219/219 156/218/218 157/220/220
f 162/219/219 157/220/220 148/221/221
f 153/215/215 154/222/222 156/218/218
f 156/218/218 154/222/222 155/223/223
f 162/219/219 148/221/221 161/224/224
f 161/224/224 148/221/221 149/225/225
f 161/224/224 149/225/225 150/214/214
f 160/216/216 161/224/224 150/214/214
f 150/226/226 51/227/227 158/228/228
f 158/228/228 51/227/227 50/229/229
f 13/230/230 147/231/231 14/232/232
f 14/232/232 147/231/231 164/233/233
f 158/234/234 50/235/235 159/236/236
f 159/236/236 50/235/235 49/237/237
f 166/238/238 206/239/239 165/240/240
f 165/240/240 206/239/239 207/241/241
f 165/240/240 207/241/241 208/242/242
f 206/239/239 166/238/238 205/243/243
f 205/243/243 166/238/238 167/244/244
f 205/243/243 167/244/244 204/245/245
f 204/245/245 167/244/244 168/246/246
f 204/245/245 168/246/246 203/247/247
f 203/247/247 168/246/246 169/248/248
f 203/247/247 169/248/248 202/249/249
f 202/249/249 169/248/248 170/250/250
f 202/249/249 170/250/250 201/251/251
f 201/251/251 170/250/250 171/252/252
f 201/251/251 171/252/252 200/253/253
f 200/253/253 171/252/252 172/254/254
f 200/253/253 172/254/254 199/255/255
f 199/255/255 172/254/254 173/256/256
f 199/255/255 173/256/256 198/257/257
f 198/257/257 173/256/256 174/258/258
f 198/257/257 174/258/258 197/259/259
f 197/259/259 174/258/258 175/260/260
f 197/259/259 175/260/260 196/261/261
f 196/261/261 175/260/260 176/262/262
f 196/261/261 176/262/262 195/263/263
f 195/263/263 176/262/262 177/264/264
f 195/263/263 177/264/264 178/265/265
f 195/263/263 178/265/265 194/266/266
f 194/266/266 178/265/265 179/267/267
f 194/266/266 179/267/267 193/268/268
f 193/268/268 179/267/267 180/269/269
f 193/268/268 180/269/269 192/270/270
f 192/270/270 180/269/269 181/271/271
f 192/270/270 181/271/271 191/272/272
f 191/272/272 181/271/271 182/273/273
f 191/272/272 182/273/273 190/274/274
f 190/274/274 182/273/273 183/275/275
f 190/274/274 183/275/275 189/276/276
f 189/277/276 183/278/275 184/279/277
f 189/277/276 184/279/277 212/280/278
f 212/280/278 184/279/277 185/281/279
f 212/280/278 185/281/279 211/282/280
f 211/282/280 185/281/279 186/283/281
f 211/282/280 186/283/281 210/284/282
f 210/284/282 186/283/281 187/285/283
f 210/284/282 187/285/283 209/286/284
f 209/286/284 187/285/283 188/287/285
f 209/286/284 188/287/285 208/242/242
f 208/242/242 188/287/285 165/240/240
f 214/288/286 254/289/287 213/290/288
f 213/290/288 254/289/287 255/291/289
f 213/290/288 255/291/289 256/292/290
f 254/289/287 214/288/286 253/293/291
f 253/293/291 214/288/286 215/294/292
f 253/293/291 215/294/292 252/295/293
f 252/295/293 215/294/292 216/296/294
f 252/295/293 216/296/294 251/297/295
f 251/297/295 216/296/294 217/298/296
f 251/297/295 217/298/296 250/299/297
f 250/299/297 217/298/296 218/300/298
f 250/299/297 218/300/298 249/301/299
f 249/301/299 218/300/298 219/302/300
f 249/301/299 219/302/300 248/303/301
f 248/303/301 219/302/300 220/304/302
f 248/303/301 220/304/302 247/305/303
f 247/305/303 220/304/302 221/306/304
f 247/305/303 221/306/304 246/307/305
f 246/307/305 221/306/304 222/308/306
f 246/307/305 222/308/306 245/309/307
f 245/309/307 222/308/306 223/310/308
f 245/309/307 223/310/308 244/311/309
f 244/311/309 223/310/308 224/312/310
f 244/311/309 224/312/310 243/313/311
f 243/313/311 224/312/310 225/314/312
f 243/313/311 225/314/312 226/315/313
f 243/313/311 226/315/313 242/316/314
f 242/316/314 226/315/313 227/317/315
f 242/316/314 227/317/315 241/318/316
f 241/318/316 227/317/315 228/319/317
f 241/318/316 228/319/317 240/320/318
f 240/320/318 228/319/317 229/321/319
f 240/320/318 229/321/319 239/322/320
f 239/322/320 229/321/319 230/323/321
f 239/322/320 230/323/321 238/324/322
f 238/324/322 230/323/321 231/325/323
f 238/324/322 231/325/323 237/326/324
f 237/327/324 231/328/323 232/329/325
f 237/327/324 232/329/325 260/330/326
f 260/330/326 232/329/325 233/331/327
f 260/330/326 233/331/327 259/332/328
f 259/332/328 233/331/327 234/333/329
f 259/332/328 234/333/329 258/334/330
f 258/334/330 234/333/329 235/335/331
f 258/334/330 235/335/331 257/336/332
f 257/336/332 235/335/331 236/337/333
f 257/336/332 236/337/333 256/292/290
f 256/292/290 236/337/333 213/290/288
f 267/338/334 155/339/335 266/340/336
f 266/340/336 155/339/335 154/341/337
f 266/340/336 154/341/337 261/342/338
f 266/340/336 261/342/338 265/343/339
f 265/343/339 261/342/338 262/344/340
f 265/343/339 262/344/340 263/345/341
f 263/345/341 264/346/342 265/343/339
f 152/347/343 151/348/344 270/349/345
f 270/349/345 151/348/344 271/350/346
f 270/349/345 271/350/346 269/351/347
f 269/351/347 271/350/346 268/352/348
f 268/352/348 271/350/346 142/353/349
f 268/352/348 142/353/349 141/354/350
f 151/348/344 143/355/351 271/350/346
f 271/350/346 143/355/351 142/353/349
f 129/356/352 137/357/353 130/358/354
f 130/358/354 137/357/353 164/359/355
f 130/358/354 164/359/355 141/360/356
f 141/360/356 164/359/355 268/361/357
f 268/361/357 164/359/355 147/362/358
f 268/361/357 147/362/358 274/363/359
f 274/363/359 147/362/358 144/364/360
f 274/363/359 144/364/360 278/365/361
f 278/365/361 144/364/360 277/366/362
f 277/366/362 144/364/360 145/367/363
f 277/366/362 145/367/363 146/368/364
f 129/356/352 136/369/365 137/357/353
f 277/366/362 146/368/364 276/370/366
f 276/370/366 146/368/364 272/371/367
f 276/370/366 272/371/367 273/372/368
f 263/373/369 262/374/370 273/372/368
f 273/372/368 262/374/370 274/363/359
f 273/372/368 274/363/359 275/375/371
f 275/375/371 274/363/359 278/365/361
f 274/363/359 269/376/372 268/361/357
f 275/375/371 276/370/366 273/372/368
f 266/377/373 265/378/374 280/379/375
f 280/379/375 265/378/374 279/380/376
f 280/381/377 281/382/378 266/383/379
f 266/383/379 281/382/378 267/384/380
f 267/385/381 281/386/382 155/387/383
f 155/387/383 281/386/382 56/388/384
f 155/387/383 56/388/384 55/389/385
f 55/389/385 156/390/386 155/387/383
f 281/391/387 280/392/388 56/393/389
f 56/393/389 280/392/388 57/394/390
f 57/394/390 280/392/388 285/395/391
f 285/395/391 280/392/388 279/396/392
f 285/395/391 279/396/392 284/397/393
f 284/397/393 279/396/392 283/398/394
f 284/397/393 283/398/394 6/399/395
f 6/399/395 283/398/394 7/400/396
f 279/396/392 282/401/397 283/398/394
f 265/402/398 264/403/399 279/404/400
f 279/404/400 264/403/399 282/405/401
f 282/406/402 264/407/403 283/408/404
f 283/408/404 264/407/403 263/409/405
f 283/408/404 263/409/405 7/410/406
f 7/410/406 263/409/405 8/411/407
f 8/411/407 263/409/405 273/412/408
f 287/413/409 315/414/410 286/415/411
f 286/415/411 315/414/410 316/416/412
f 286/417/411 316/418/412 309/419/413
f 309/419/413 316/418/412 317/420/414
f 309/419/413 317/420/414 308/421/415
f 308/421/415 317/420/414 318/422/416
f 308/421/415 318/422/416 307/423/417
f 307/423/417 318/422/416 319/424/418
f 307/423/417 319/424/418 306/425/419
f 306/425/419 319/424/418 320/426/420
f 306/425/419 320/426/420 305/427/421
f 305/427/421 320/426/420 321/428/422
f 305/427/421 321/428/422 304/429/423
f 304/429/423 321/428/422 322/430/424
f 304/429/423 322/430/424 303/431/425
f 303/431/425 322/430/424 323/432/426
f 303/431/425 323/432/426 302/433/427
f 302/433/427 323/432/426 324/434/428
f 302/433/427 324/434/428 301/435/429
f 301/435/429 324/434/428 325/436/430
f 301/435/429 325/436/430 300/437/431
f 300/437/431 325/436/430 326/438/432
f 300/437/431 326/438/432 299/439/433
f 299/439/433 326/438/432 327/440/434
f 299/439/433 327/440/434 298/441/435
f 298/441/435 327/440/434 328/442/436
f 298/441/435 328/442/436 297/443/437
f 297/443/437 328/442/436 329/444/438
f 297/443/437 329/444/438 296/445/439
f 296/445/439 329/444/438 330/446/440
f 296/445/439 330/446/440 295/447/441
f 295/447/441 330/446/440 331/448/442
f 295/447/441 331/448/442 294/449/443
f 294/449/443 331/448/442 332/450/444
f 294/449/443 332/450/444 293/451/445
f 293/451/445 332/450/444 333/452/446
f 293/451/445 333/452/446 292/453/447
f 292/453/447 333/452/446 310/454/448
f 292/453/447 310/454/448 291/455/449
f 291/455/449 310/454/448 311/456/450
f 291/455/449 311/456/450 290/457/451
f 290/457/451 311/456/450 312/458/452
f 290/457/451 312/458/452 289/459/453
f 289/459/453 312/458/452 313/460/454
f 289/459/453 313/460/454 288/461/455
f 288/461/455 313/460/454 314/462/456
f 288/461/455 314/462/456 287/413/409
f 287/413/409 314/462/456 315/414/410
f 42/463/457 334/464/458 43/465/459
f 43/465/459 334/464/458 337/466/460
f 337/466/460 334/464/458 335/467/461
f 337/466/460 335/467/461 336/468/462
f 336/468/462 335/467/461 22/469/463
f 336/468/462 22/469/463 21/470/464
f 166/471/465 165/472/466 340/473/467
f 340/473/467 165/472/466 188/474/468
f 340/473/467 188/474/468 187/475/469
f 340/473/467 187/475/469 341/476/470
f 341/476/470 187/475/469 186/477/471
f 341/476/470 186/477/471 185/478/472
f 185/478/472 184/479/473 341/476/470
f 341/476/470 184/479/473 183/480/474
f 341/476/470 183/480/474 337/481/475
f 337/481/475 183/480/474 182/482/476
f 337/481/475 182/482/476 181/483/477
f 181/483/477 180/484/478 337/481/475
f 337/481/475 180/484/478 179/485/479
f 337/481/475 179/485/479 178/486/480
f 178/486/480 177/487/481 337/481/475
f 337/481/475 177/487/481 176/488/482
f 337/481/475 176/488/482 175/489/483
f 337/481/475 175/489/483 43/490/484
f 43/490/484 175/489/483 174/491/485
f 43/490/484 174/491/485 173/492/486
f 173/492/486 172/493/487 43/490/484
f 43/490/484 172/493/487 171/494/488
f 43/490/484 171/494/488 44/495/489
f 44/495/489 171/494/488 170/496/490
f 44/495/489 170/496/490 169/497/491
f 169/497/491 168/498/492 44/495/489
f 44/495/489 168/498/492 167/499/493
f 44/495/489 167/499/493 339/500/494
f 339/500/494 167/499/493 166/471/465
f 339/500/494 166/471/465 340/473/467
f 214/501/495 213/502/496 338/503/497
f 338/503/497 213/502/496 236/504/498
f 338/503/497 236/504/498 235/505/499
f 338/503/497 235/505/499 20/506/500
f 20/506/500 235/505/499 234/507/501
f 20/506/500 234/507/501 233/508/502
f 233/508/502 232/509/503 20/506/500
f 20/506/500 232/509/503 231/510/504
f 20/506/500 231/510/504 21/511/505
f 21/511/505 231/510/504 230/512/506
f 21/511/505 230/512/506 229/513/507
f 229/513/507 228/514/508 21/511/505
f 21/511/505 228/514/508 227/515/509
f 21/511/505 227/515/509 336/516/510
f 336/516/510 227/515/509 226/517/511
f 336/516/510 226/517/511 225/518/512
f 225/518/512 224/519/513 336/516/510
f 336/516/510 224/519/513 223/520/514
f 336/516/510 223/520/514 222/521/515
f 222/521/515 221/522/516 336/516/510
f 336/516/510 221/522/516 220/523/517
f 336/516/510 220/523/517 219/524/518
f 336/516/510 219/524/518 342/525/519
f 342/525/519 219/524/518 218/526/520
f 342/525/519 218/526/520 217/527/521
f 217/527/521 216/528/522 342/525/519
f 342/525/519 216/528/522 215/529/523
f 342/525/519 215/529/523 214/501/495
f 342/525/519 214/501/495 338/503/497
f 339/500/494 298/530/524 338/503/497
f 338/503/497 298/530/524 297/531/525
f 338/503/497 297/531/525 296/532/526
f 336/516/510 286/533/527 337/481/475
f 337/481/475 286/533/527 309/534/528
f 337/481/475 309/534/528 308/535/529
f 308/535/529 307/536/530 337/481/475
f 337/481/475 307/536/530 306/537/531
f 337/481/475 306/537/531 305/538/532
f 337/481/475 305/538/532 341/476/470
f 341/476/470 305/538/532 304/539/533
f 341/476/470 304/539/533 303/540/534
f 303/540/534 302/541/535 341/476/470
f 341/476/470 302/541/535 340/473/467
f 302/541/535 301/542/536 340/473/467
f 340/473/467 301/542/536 300/543/537
f 340/473/467 300/543/537 339/500/494
f 339/500/494 300/543/537 299/544/538
f 339/500/494 299/544/538 298/530/524
f 296/532/526 295/545/539 338/503/497
f 338/503/497 295/545/539 294/546/540
f 338/503/497 294/546/540 342/525/519
f 342/525/519 294/546/540 293/547/541
f 342/525/519 293/547/541 292/548/542
f 292/548/542 291/549/543 342/525/519
f 342/525/519 291/549/543 336/516/510
f 291/549/543 290/550/544 336/516/510
f 336/516/510 290/550/544 289/551/545
f 336/516/510 289/551/545 288/552/546
f 288/552/546 287/553/547 336/516/510
f 336/516/510 287/553/547 286/533/527
f 44/554/548 339/555/549 45/556/550
f 45/556/550 339/555/549 344/557/551
f 344/557/551 339/555/549 338/558/552
f 344/557/551 338/558/552 343/559/553
f 343/559/553 338/558/552 20/560/554
f 343/559/553 20/560/554 19/561/555
f 368/562/556 345/563/557 393/564/558
f 393/564/558 345/563/557 346/565/559
f 393/564/558 346/565/559 347/566/560
f 393/564/558 347/566/560 395/567/561
f 395/567/561 347/566/560 348/568/562
f 395/567/561 348/568/562 135/569/563
f 135/569/563 348/568/562 349/570/564
f 135/569/563 349/570/564 350/571/565
f 135/569/563 350/571/565 18/572/566
f 18/572/566 350/571/565 351/573/567
f 18/572/566 351/573/567 352/574/568
f 352/574/568 353/575/569 18/572/566
f 18/572/566 353/575/569 354/576/570
f 18/572/566 354/576/570 355/577/571
f 355/577/571 356/578/572 18/572/566
f 18/572/566 356/578/572 357/579/573
f 18/572/566 357/579/573 19/580/574
f 19/580/574 357/579/573 358/581/575
f 19/580/574 358/581/575 359/582/576
f 359/582/576 360/583/577 19/580/574
f 19/580/574 360/583/577 361/584/578
f 19/580/574 361/584/578 362/585/579
f 362/585/579 363/586/580 19/580/574
f 19/580/574 363/586/580 364/587/581
f 19/580/574 364/587/581 343/588/582
f 343/588/582 364/587/581 365/589/583
f 343/588/582 365/589/583 366/590/584
f 366/590/584 367/591/585 343/588/582
f 343/588/582 367/591/585 368/562/556
f 343/588/582 368/562/556 393/564/558
f 370/592/586 46/593/587 369/594/588
f 369/594/588 46/593/587 45/595/589
f 369/594/588 45/595/589 392/596/590
f 392/596/590 45/595/589 391/597/591
f 391/597/591 45/595/589 390/598/592
f 390/598/592 45/595/589 389/599/593
f 389/599/593 45/595/589 388/600/594
f 388/600/594 45/595/589 387/601/595
f 387/601/595 45/595/589 386/602/596
f 386/602/596 45/595/589 344/603/597
f 386/602/596 344/603/597 385/604/598
f 385/604/598 344/603/597 384/605/599
f 384/605/599 344/603/597 383/606/600
f 383/606/600 344/603/597 382/607/601
f 382/607/601 344/603/597 394/608/602
f 382/607/601 394/608/602 381/609/603
f 381/609/603 394/608/602 380/610/604
f 380/610/604 394/608/602 379/611/605
f 379/611/605 394/608/602 378/612/606
f 378/612/606 394/608/602 396/613/607
f 378/612/606 396/613/607 377/614/608
f 377/614/608 396/613/607 138/615/609
f 377/614/608 138/615/609 376/616/610
f 376/616/610 138/615/609 375/617/611
f 375/617/611 138/615/609 374/618/612
f 374/618/612 138/615/609 373/619/613
f 373/619/613 138/615/609 46/593/587
f 373/619/613 46/593/587 372/620/614
f 372/620/614 46/593/587 371/621/615
f 371/621/615 46/593/587 370/592/586
f 344/603/597 343/588/582 394/608/602
f 394/608/602 343/588/582 393/564/558
f 394/608/602 393/564/558 134/622/616
f 134/622/616 393/564/558 395/567/561
f 134/622/616 395/567/561 135/569/563
f 394/608/602 134/622/616 396/613/607
f 396/613/607 134/622/616 133/623/617
f 396/613/607 133/623/617 138/615/609
f 164/624/618 137/625/619 14/626/620
f 14/626/620 137/625/619 15/627/621
f 159/628/622 49/629/623 140/630/624
f 140/630/624 49/629/623 48/631/625
f 58/632/626 57/633/627 154/634/628
f 154/634/628 57/633/627 285/635/629
f 154/634/628 285/635/629 261/636/630
f 261/636/630 285/635/629 284/637/631
f 261/636/630 284/637/631 262/638/632
f 262/638/632 284/637/631 6/639/633
f 262/638/632 6/639/633 5/640/634
f 262/638/632 5/640/634 274/641/635
f 274/641/635 5/640/634 4/642/636
f 274/641/635 4/642/636 269/643/637
f 269/643/637 4/642/636 3/644/638
f 269/643/637 3/644/638 126/645/639
f 269/643/637 126/645/639 270/646/640
f 270/646/640 126/645/639 125/647/641
f 270/646/640 125/647/641 152/648/642
f 152/648/642 125/647/641 60/649/643
f 152/648/642 60/649/643 59/650/644
f 152/648/642 59/650/644 153/651/645
f 153/651/645 59/650/644 58/632/626
f 153/651/645 58/632/626 154/634/628
f 321/652/646 420/653/647 322/654/424
f 322/654/424 420/653/647 397/655/648
f 322/656/424 397/657/648 323/658/649
f 323/658/649 397/657/648 398/659/650
f 323/658/649 398/659/650 324/660/651
f 324/660/651 398/659/650 399/661/652
f 324/660/651 399/661/652 325/662/653
f 325/662/653 399/661/652 400/663/654
f 325/662/653 400/663/654 326/664/655
f 326/664/655 400/663/654 401/665/656
f 326/664/655 401/665/656 327/666/657
f 327/666/657 401/665/656 402/667/658
f 327/666/657 402/667/658 328/668/659
f 328/668/659 402/667/658 403/669/660
f 328/668/659 403/669/660 404/670/661
f 420/653/647 321/652/646 419/671/662
f 419/671/662 321/652/646 320/672/663
f 419/671/662 320/672/663 418/673/664
f 418/673/664 320/672/663 319/674/665
f 418/673/664 319/674/665 417/675/666
f 417/675/666 319/674/665 318/676/667
f 417/675/666 318/676/667 416/677/668
f 416/677/668 318/676/667 317/678/669
f 416/677/668 317/678/669 415/679/670
f 415/679/670 317/678/669 316/680/671
f 415/679/670 316/680/671 315/681/672
f 415/679/670 315/681/672 414/682/673
f 414/682/673 315/681/672 314/683/674
f 414/682/673 314/683/674 413/684/675
f 413/684/675 314/683/674 313/685/676
f 413/684/675 313/685/676 412/686/677
f 412/686/677 313/685/676 312/687/678
f 412/686/677 312/687/678 411/688/679
f 411/688/679 312/687/678 311/689/680
f 411/688/679 311/689/680 410/690/681
f 410/690/681 311/689/680 310/691/448
f 410/690/681 310/691/448 409/692/682
f 409/692/682 310/691/448 333/693/683
f 409/692/682 333/693/683 408/694/684
f 408/694/684 333/693/683 332/695/685
f 408/694/684 332/695/685 407/696/686
f 407/696/686 332/695/685 331/697/687
f 407/696/686 331/697/687 406/698/688
f 406/698/688 331/697/687 330/699/689
f 406/698/688 330/699/689 405/700/690
f 405/700/690 330/699/689 329/701/691
f 405/700/690 329/701/691 404/670/661
f 404/670/661 329/701/691 328/668/659
f 22/702/692 335/703/693 23/704/694
f 23/704/694 335/703/693 422/705/695
f 422/705/695 335/703/693 334/706/696
f 422/705/695 334/706/696 421/707/697
f 421/707/697 334/706/696 42/708/698
f 421/707/697 42/708/698 41/709/699
f 39/710/700 423/711/701 40/712/702
f 40/712/702 423/711/701 426/713/703
f 426/713/703 423/711/701 424/714/704
f 426/713/703 424/714/704 425/715/705
f 425/715/705 424/714/704 25/716/706
f 425/715/705 25/716/706 24/717/707
f 40/718/708 426/719/709 41/720/710
f 41/720/710 426/719/709 421/721/711
f 421/721/711 426/719/709 425/722/712
f 421/721/711 425/722/712 422/723/713
f 422/723/713 425/722/712 24/724/714
f 422/723/713 24/724/714 23/725/715
f 190/726/716 189/727/717 431/728/718
f 431/728/718 189/727/717 212/729/719
f 431/728/718 212/729/719 211/730/720
f 431/728/718 211/730/720 432/731/721
f 432/731/721 211/730/720 210/732/722
f 432/731/721 210/732/722 209/733/723
f 209/733/723 208/734/724 432/731/721
f 432/731/721 208/734/724 207/735/725
f 432/731/721 207/735/725 128/736/726
f 128/736/726 207/735/725 206/737/727
f 128/736/726 206/737/727 36/738/728
f 36/738/728 206/737/727 205/739/729
f 36/738/728 205/739/729 204/740/730
f 36/738/728 204/740/730 37/741/731
f 37/741/731 204/740/730 203/742/732
f 37/741/731 203/742/732 202/743/733
f 202/743/733 201/744/734 37/741/731
f 37/741/731 201/744/734 200/745/735
f 37/741/731 200/745/735 199/746/736
f 37/741/731 199/746/736 38/747/737
f 38/747/737 199/746/736 198/748/738
f 38/747/737 198/748/738 197/749/739
f 197/749/739 196/750/740 38/747/737
f 38/747/737 196/750/740 428/751/741
f 428/751/741 196/750/740 195/752/742
f 428/751/741 195/752/742 194/753/743
f 194/753/743 193/754/744 428/751/741
f 428/751/741 193/754/744 192/755/745
f 428/751/741 192/755/745 191/756/746
f 191/756/746 190/726/716 428/751/741
f 428/751/741 190/726/716 431/728/718
f 428/751/741 431/728/718 419/757/747
f 419/757/747 431/728/718 420/758/748
f 420/758/748 431/728/718 397/759/749
f 397/759/749 431/728/718 398/760/750
f 398/760/750 431/728/718 432/731/721
f 398/760/750 432/731/721 399/761/751
f 399/761/751 432/731/721 400/762/752
f 400/762/752 432/731/721 128/736/726
f 400/762/752 128/736/726 401/763/753
f 401/763/753 128/736/726 402/764/754
f 402/764/754 128/736/726 403/765/755
f 403/765/755 128/736/726 127/766/756
f 403/765/755 127/766/756 404/767/757
f 404/767/757 127/766/756 429/768/758
f 404/767/757 429/768/758 405/769/759
f 405/769/759 429/768/758 406/770/760
f 406/770/760 429/768/758 433/771/761
f 406/770/760 433/771/761 407/772/762
f 407/772/762 433/771/761 408/773/763
f 408/773/763 433/771/761 251/774/764
f 408/773/763 251/774/764 430/775/765
f 430/775/765 251/774/764 250/776/766
f 430/775/765 250/776/766 249/777/767
f 238/778/768 237/779/769 27/780/770
f 27/780/770 237/779/769 260/781/771
f 27/780/770 260/781/771 259/782/772
f 259/782/772 258/783/773 27/780/770
f 27/780/770 258/783/773 28/784/774
f 28/784/774 258/783/773 257/785/775
f 28/784/774 257/785/775 429/768/758
f 429/768/758 257/785/775 256/786/776
f 429/768/758 256/786/776 255/787/777
f 255/787/777 254/788/778 429/768/758
f 429/768/758 254/788/778 433/771/761
f 254/788/778 253/789/779 433/771/761
f 433/771/761 253/789/779 252/790/780
f 433/771/761 252/790/780 251/774/764
f 249/777/767 248/791/781 430/775/765
f 430/775/765 248/791/781 427/792/782
f 430/775/765 427/792/782 411/793/783
f 411/793/783 427/792/782 412/794/784
f 412/794/784 427/792/782 413/795/785
f 413/795/785 427/792/782 414/796/786
f 414/796/786 427/792/782 415/797/787
f 415/797/787 427/792/782 428/751/741
f 415/797/787 428/751/741 416/798/788
f 416/798/788 428/751/741 417/799/789
f 417/799/789 428/751/741 418/800/790
f 418/800/790 428/751/741 419/757/747
f 248/791/781 247/801/791 427/792/782
f 427/792/782 247/801/791 246/802/792
f 427/792/782 246/802/792 245/803/793
f 245/803/793 244/804/794 427/792/782
f 427/792/782 244/804/794 243/805/795
f 427/792/782 243/805/795 242/806/796
f 427/792/782 242/806/796 26/807/797
f 26/807/797 242/806/796 241/808/798
f 26/807/797 241/808/798 240/809/799
f 26/807/797 240/809/799 27/780/770
f 27/780/770 240/809/799 239/810/800
f 27/780/770 239/810/800 238/778/768
f 411/793/783 410/811/801 430/775/765
f 430/775/765 410/811/801 409/812/802
f 430/775/765 409/812/802 408/773/763
f 127/766/756 28/784/774 429/768/758
f 25/813/803 424/814/804 26/815/805
f 26/815/805 424/814/804 427/816/806
f 427/816/806 424/814/804 423/817/807
f 427/816/806 423/817/807 428/818/808
f 428/818/808 423/817/807 39/819/809
f 428/818/808 39/819/809 38/820/810
f 98/821/811 346/822/812 75/823/813
f 75/823/813 346/822/812 345/824/814
f 75/825/813 345/826/814 76/827/815
f 76/827/815 345/826/814 368/828/816
f 76/827/815 368/828/816 77/829/817
f 77/829/817 368/828/816 367/830/818
f 77/829/817 367/830/818 78/831/819
f 78/831/819 367/830/818 366/832/820
f 78/831/819 366/832/820 79/833/821
f 79/833/821 366/832/820 365/834/822
f 79/833/821 365/834/822 80/835/823
f 80/835/823 365/834/822 364/836/824
f 80/835/823 364/836/824 81/837/825
f 81/837/825 364/836/824 363/838/826
f 81/837/825 363/838/826 82/839/827
f 82/839/827 363/838/826 362/840/828
f 82/839/827 362/840/828 83/841/829
f 83/841/829 362/840/828 361/842/830
f 83/841/829 361/842/830 84/843/831
f 84/843/831 361/842/830 360/844/832
f 84/843/831 360/844/832 85/845/833
f 85/845/833 360/844/832 359/846/834
f 85/845/833 359/846/834 86/847/835
f 86/847/835 359/846/834 358/848/836
f 86/847/835 358/848/836 87/849/837
f 87/849/837 358/848/836 357/850/838
f 87/849/837 357/850/838 88/851/839
f 88/851/839 357/850/838 356/852/840
f 88/851/839 356/852/840 89/853/841
f 89/853/841 356/852/840 355/854/842
f 89/853/841 355/854/842 90/855/843
f 90/855/843 355/854/842 354/856/844
f 90/855/843 354/856/844 91/857/845
f 91/857/845 354/856/844 353/858/846
f 91/857/845 353/858/846 92/859/847
f 92/859/847 353/858/846 352/860/848
f 92/859/847 352/860/848 93/861/849
f 93/861/849 352/860/848 351/862/850
f 93/861/849 351/862/850 94/863/851
f 94/863/851 351/862/850 350/864/852
f 94/863/851 350/864/852 95/865/853
f 95/865/853 350/864/852 349/866/854
f 95/865/853 349/866/854 96/867/855
f 96/867/855 349/866/854 348/868/856
f 96/867/855 348/868/856 97/869/857
f 97/869/857 348/868/856 347/870/858
f 97/869/857 347/870/858 98/821/811
f 98/821/811 347/870/858 346/822/812
f 122/871/859 370/872/860 99/873/861
f 99/873/861 370/872/860 369/874/862
f 99/875/861 369/876/862 100/877/863
f 100/877/863 369/876/862 392/878/864
f 100/877/863 392/878/864 101/879/865
f 101/879/865 392/878/864 391/880/866
f 101/879/865 391/880/866 102/881/867
f 102/881/867 391/880/866 390/882/868
f 102/881/867 390/882/868 103/883/869
f 103/883/869 390/882/868 389/884/870
f 103/883/869 389/884/870 104/885/871
f 104/885/871 389/884/870 388/886/872
f 104/885/871 388/886/872 105/887/873
f 105/887/873 388/886/872 387/888/874
f 105/887/873 387/888/874 106/889/875
f 106/889/875 387/888/874 386/890/876
f 106/889/875 386/890/876 107/891/877
f 107/891/877 386/890/876 385/892/878
f 107/891/877 385/892/878 108/893/879
f 108/893/879 385/892/878 384/894/880
f 108/893/879 384/894/880 109/895/881
f 109/895/881 384/894/880 383/896/882
f 109/895/881 383/896/882 110/897/883
f 110/897/883 383/896/882 382/898/884
f 110/897/883 382/898/884 111/899/885
f 111/899/885 382/898/884 381/900/886
f 111/899/885 381/900/886 112/901/887
f 112/901/887 381/900/886 380/902/888
f 112/901/887 380/902/888 113/903/889
f 113/903/889 380/902/888 379/904/890
f 113/903/889 379/904/890 114/905/891
f 114/905/891 379/904/890 378/906/892
f 114/905/891 378/906/892 115/907/893
f 115/907/893 378/906/892 377/908/894
f 115/907/893 377/908/894 116/909/895
f 116/909/895 377/908/894 376/910/896
f 116/909/895 376/910/896 117/911/897
f 117/911/897 376/910/896 375/912/898
f 117/911/897 375/912/898 118/913/899
f 118/913/899 375/912/898 374/914/900
f 118/913/899 374/914/900 119/915/901
f 119/915/901 374/914/900 373/916/902
f 119/915/901 373/916/902 120/917/903
f 120/917/903 373/916/902 372/918/904
f 120/917/903 372/918/904 121/919/905
f 121/919/905 372/918/904 371/920/906
f 121/919/905 371/920/906 122/871/859
f 122/871/859 371/920/906 370/872/860
f 162/921/907 161/922/908 66/923/909
f 66/923/909 161/922/908 67/924/910
f 161/925/911 160/926/912 67/927/913
f 67/927/913 160/926/912 64/928/914
f 148/929/915 157/930/916 53/931/917
f 53/931/917 157/930/916 54/932/918
f 157/933/919 156/934/920 54/935/921
f 54/935/921 156/934/920 55/936/922
f 163/937/923 162/938/924 65/939/925
f 65/939/925 162/938/924 66/940/926
f 64/941/927 160/942/928 65/943/929
f 65/943/929 160/942/928 163/944/930
f 277/945/931 276/946/932 33/947/933
f 33/947/933 276/946/932 34/948/934
f 276/949/935 275/950/936 34/951/937
f 34/951/937 275/950/936 31/952/938
f 273/953/939 272/954/940 8/955/941
f 8/955/941 272/954/940 9/956/942
f 272/957/943 146/958/944 9/959/945
f 9/959/945 146/958/944 10/960/946
f 278/961/947 277/962/948 32/963/949
f 32/963/949 277/962/948 33/964/950
f 31/965/951 275/966/952 32/967/953
f 32/967/953 275/966/952 278/968/954
# 433 vertices
# 968 texture params
# 954 normals
# 894 facets

# 1 groups
